吞噬星空,我吃西红柿,科幻,2017-09-21 10:17,继《九鼎记》《盘龙》《星辰变》《寸芒》《星峰传说》后，番茄的第六本书！——————简介：星空中。“这颗星球，通体土黄色，没有任何生命存在，直径21000公里，咦，竟然蕴含‘星泪金’
异常生物见闻录,远瞳,科幻,2018-04-10 16:38,郝仁，人如其名，是个好人，理想是平平安安过一辈子，当个穷不死但也发不了财的小房东——起码在他家里住进去一堆神经病生物之前是这样。一栋偏僻陈旧的大屋，一堆不怎么正常的人外生物，还有一
遮天,辰东,仙侠,2016-11-01 14:00,冰冷与黑暗并存的宇宙深处，九具庞大的龙尸拉着一口青铜古棺，亘古长存。这是太空探测器在枯寂的宇宙中捕捉到的一幅极其震撼的画面。九龙拉棺，究竟是回到了上古，还是来到了星空的彼岸？一个浩
凡人修仙传,忘语,仙侠,2016-01-05 17:02,"一个普通山村小子，偶然下进入到当地江湖小门派，成了一名记名弟子。他以这样身份，如何在门派中立足,如何以平庸的资质进入到修仙者的行列，从而笑傲三界之中！续篇《凡人修仙之仙界篇》已经在"
重生之财源滚滚,老鹰吃小鸡,都市,2018-05-04 23:06,当重生成为一种潮流，李东也幸运地赶上了重生的马车。上辈子遗憾太多，这辈子且让他一一弥补！看小人物重回2004，亲情爱情双丰收，发家致富两不误！（读者群:250605308，全订群号
武动乾坤,天蚕土豆,玄幻,2013-07-03 11:18,修炼一途，乃窃阴阳，夺造化，转涅盘，握生死，掌轮回。武之极，破苍穹，动乾坤！
将夜,猫腻,玄幻,2014-05-04 21:57,与天斗，其乐无穷。
全职高手,蝴蝶蓝,游戏,2014-04-30 01:05,网游荣耀中被誉为教科书级别的顶尖高手，因为种种原因遭到俱乐部的驱逐，离开职业圈的他寄身于一家网吧成了一个小小的网管，但是，拥有十年游戏经验的他，在荣耀新开的第十区重新投入了游戏，带
莽荒纪,我吃西红柿,仙侠,2017-09-21 10:16,纪宁死后来到阴曹地府，经判官审前生判来世，投胎到了部族纪氏。这里，有夸父逐日……有后羿射金乌……更有为了逍遥长生，历三灾九劫，纵死无悔的无数修仙者…………纪宁也成为了一名修仙者，开
仙逆,耳根,仙侠,2012-01-08 17:17,顺为凡，逆则仙，只在心中一念间……请看耳根作品《仙逆》
废土崛起,通吃道人.QD,科幻,2018-04-01 12:37,开局一条狗，装备全靠捡。带着新手福利杀进末世将临的世界。发起狠来，核弹都朝自己头上砸！这是废土之王的崛起之路。验证群：669034285。老道新书发了，书名斩龙，大家可以收藏啦！
重生之神级学霸,志鸟村,都市,2018-02-22 16:09,生物系研究僧出身的猥琐胖子杨锐，毕业后失业，阴差阳错熬成了补习学校的全能金牌讲师，一个跟头栽到了1982年，成了一名高大英俊的高考复读生，顺带装了满脑子书籍资料80年代的高考录取率
完美世界,辰东,玄幻,2016-11-01 13:56,一粒尘可填海，一根草斩尽日月星辰，弹指间天翻地覆。群雄并起，万族林立，诸圣争霸，乱天动地。问苍茫大地，谁主沉浮？！一个少年从大荒中走出，一切从这里开始……
唐砖,孑与2,历史,2015-11-20 10:50,梦回长安，鲜血浸染了玄武门，太极宫的深处只有数不尽的悲哀，民为水，君为舟，的朗朗之音犹在长安大地回绕，异族的铁蹄却再一次踏破了玉门关，此恨何及？坟墓里的李世民眼见子民涂炭，该发出怎
重生之贼行天下,发飙的蜗牛,游戏,2011-11-06 23:18,孤寂的行者，追逐阴影的脚步，这是盗贼的赞歌。带着一个一百八十级的大盗贼的记忆，回到了十年前，命运给聂言开了一个玩笑。曾经错过的、被夺走的，都要重新拿回来。然后搞一身神装，摧枯拉朽，
交锋,可大可小,军事,2018-05-09 08:00,在一般人眼中，他是平庸、无能、贪婪，甚至有些愚蠢的警察。因为他，经常行动失败，多次无意泄露了重要情报。但他交游广泛，善于溜须拍马和钻营，是军政不倒翁。在日伪眼中，他忠诚、可靠。而在
天珠变,唐家三少,玄幻,2011-11-21 21:46,人有本命珠，觉醒后或为意珠、或为体珠，如手串分别在左右手腕处盘旋。天珠如人类之双胞胎，当意、体双珠同时出现在一个人身上的时候，即为天珠。修炼体珠者是为体珠师，修炼意珠者是为意珠师，
金牌主持,奥比椰,都市,2017-12-25 18:55,有人说，他是主持界的半壁江山。他说，他不仅是主持界的半壁江山，他还是音乐界、小说界、影视界、综艺界……所有界的半壁江山。他是汪谦，他是汪半壁。
欢迎来到BOSS队,李古丁,科幻,2018-04-29 00:23,我叫欧阳靖，穿越者，曾用名：欧阳克。因为穿越的关系，我知道很多秘密。所以我不但练成了蛤蟆功，还练成了九阳神功、重剑剑法。现在我终于神功大成，准备去桃花岛提亲，感觉自己即将走上人生巅
大主宰,天蚕土豆,玄幻,2017-07-08 20:49,大千世界，位面交汇，万族林立，群雄荟萃，一位位来自下位面的天之至尊，在这无尽世界，演绎着令人向往的传奇，追求着那主宰之路。无尽火域，炎帝执掌，万火焚苍穹。武境之内，武祖之威，震慑乾
造化之门,鹅是老五,仙侠,2016-04-10 21:20,这是一个支离破碎的角落，这是一个被遗忘的世界。那一天，是宁城最失意的时候，那一天，他被硬生生的带到了这里。这个角落因为有了宁城，将在浩瀚星空中留名，这个世界也因为有了宁城，将在无尽
完美人生,刀一耕,都市,2018-04-01 20:40,李谦重生了。另外一个时空的1995年。在这里，他当然比普通人更容易获得成功。但成功是什么？钱么？或者，名气？地位？荣耀？都是，但不全是。有了那回眸的浅浅一笑，那牵手的刹那温暖，那入
跑出我人生,丧尸舞,体育,2018-05-02 16:13,重回少年时代的苏祖，得到了一个系统，走上了曾经梦想追逐的体育竞技之路。新书友群：666-502-656
黄金瞳,打眼,都市,2015-12-12 16:22,电视剧《黄金瞳》由张艺兴领衔主演，于2018年1月12日盛大开机！典当行工作的小职员庄睿，在一次意外中眼睛发生异变。美轮美奂的陶瓷，古拙大方的青铜器，惊心动魄的赌石接踵而来，他的生
火影之活久见,李四羊,二次元,2018-03-09 09:53,大扎好，我系磊饿羊，火影活久贱，介四里没有看过的船新版本，挤需忽略前期文笔，挤看脑洞，里造会干我一样，爱象戒本小说。哈哈，本书已完本，看完或不爱看的朋友可以移步观看四羊新书《重启世
大牧场主,陶良辰,都市,2018-02-22 22:58,重生八十年代美国华人富豪家族，天生就有亲和动植物的能力。科迪亚克棕熊悠然坐在屋檐下，龙猫被异国短尾猫追着跑。雪山映在湛蓝天空中，微风吹过草原，罗塔湖面荡起波澜，一望无际的薰衣草田随
惊悚乐园,三天两觉,游戏,2017-11-28 02:38,这是超越维度的游戏。亦是追寻真理的竞逐。未知的封印，鬼神的赌局……数据的抗争，人类的救赎……在那个连接着现实的虚拟世界——意识决定我们，意识选择我们，意识决定了我们的意识。现在，丢
记忆苍穹,纪茗,科幻,2017-08-23 12:07,高智商的火星人为他们的子孙玛雅人留下了尘封的记忆方块，当这魔盒似的方块开启之后，一幕幕尘封巳久的高度文明的火星社会智人们的爱恨情仇展露出来，开始了火星时代从繁华到毁灭的历程。
武道宗师,爱潜水的乌贼,玄幻,2018-04-01 12:40,在这里，武道不再是虚无缥缈的传说，而是切切实实的传承，经过与科技的对抗后，彻底融入了社会，有了各种各样的武道比赛，文无第一，武无第二！楼成得到武道一大流派断绝的传承后，向着最初的梦
一世之尊,爱潜水的乌贼,玄幻,2018-04-03 20:52,我这一生，不问前尘，不求来世，只轰轰烈烈，快意恩仇，败尽各族英杰，傲笑六道神魔！万年之后，大劫再启，如来金身，元始道体，孰强孰弱，如来神掌，截天七式，谁领风骚？轮回之中，孟奇自少林
奋斗在红楼,九悟,历史,2018-05-09 11:12,大周朝，雍治7年冬，美丽、傲娇的小萝-莉林黛玉刚刚进入贾府。现代理科男穿越红楼贾府庶子贾环。如果不想被贾府的猪队友们连累的抄家杀头，就要早做准备。这是一个庶子逆袭的故事。Ps：本书
武极天下,蚕茧里的牛,玄幻,2015-10-08 19:12,一个梦想进入武府圣地的普通少年，立志追求极致武学。然而面对竞争激烈的考核，又有世家子弟的借势压人，小小平凡少年如何立足？宗门传承严格保密，核心功法概不外传，在功法传承如此难得天衍大
最强弃少,鹅是老五,仙侠,2014-05-20 04:49,"叶默蓦然清醒过来的时候，才发现周围的一切似乎都变了，美女师父也不见了。他也发现了自己成了被世家抛弃的弃子，被别人退婚的苦逼,还是被女人站在讲台上拿着他情书羞辱的对象......但是"
大周皇族,皇甫奇,玄幻,2012-05-31 19:00,天地二魂常在外，唯有命魂住其身。命魂住胎，衍化七魄。每个人的生命，都是从命魂住胎开始的，但方云的生命，却是从终结的那一刻开始的……真正的皇族，不是来自于血统的传承，而是来自命格和灵
史上最强师兄,八月飞鹰,玄幻,2018-04-11 22:11,燕赵歌第一次穿越，穿到了武道文明繁盛至极的异世界，一头撞进包罗万象，遍收天下经典的神宫藏书楼里，但随后便是一场天地大劫，连神宫也破灭了。接下来居然第二次穿越，灵魂来到了同一个世界，
调戏文娱,幼儿园一把手,都市,2018-03-31 11:20,风属于天的，我借来吹吹，却吹起人间烟火。……新书《黑夜玩家》已发布，欢迎品尝。
调教大宋,苍山月,历史,2018-05-01 14:09,庆历六年，歌舞升平的赵宋王朝。迎来了一个疯子....亲眼见识了大宋的雍容华贵与温情。起初唐奕只想享受这个时代，什么靖康之耻、蒙古铁骑都与他无关。反正再怎么闹腾历史都有它自己的轨迹。
异世邪君,风凌天下,玄幻,2015-01-20 15:21,世间毁誉，世人冷眼，与我何干？我自淡然一笑；以吾本性，快意恩仇，以吾本心，遨游世间，我命由我不由天！一代牛人穿越异界，看其如何踏上异世巅峰，成为一代邪君！
超级卡牌系统,黑乎乎的老妖,游戏,2018-05-07 13:02,一不小心穿越到了海贼王的世界，肿么办？还好随身带着超级幻想卡牌系统，能抽取各种幻想人物。黑龙波对岩浆果实，八稚女对人妖拳法……（不知道为啥，每次写简介都感觉好无力……）
天才相师,打眼,都市,2015-12-12 16:20,铁口直断，一卦千金少年叶天偶得相师传承，究天人之际，通古今之变，为往圣继绝学
求魔,耳根,仙侠,2016-07-01 16:30,魔前一叩三千年，回首凡尘不做仙，只为她……掌缘生灭请看耳根作品《求魔》
佣兵的战争,如水意,军事,2017-09-15 14:39,高扬是一个军迷，一个很普通的军迷，爱刀，爱枪，爱冒险。一次意外，高扬跑去了非洲，结果不幸遇到了空难，侥幸活命，却从此只能在枪口下混饭吃了，因为他成了一个雇佣兵。一个军迷，能在国际佣
大宋将门,青史尽成灰,历史,2018-03-28 21:34,没有杨柳岸晓风残月，没有把酒问青天，没有清明上河图……一个倒霉的写手，猛然发现，自己好像来到了假的大宋……家道中落，人情薄如纸。外有大辽雄兵，内有无数猪队友，滔滔黄河，老天爷也来添
重生日本当厨神,千回转,都市,2018-04-08 11:56,作死发下大宏愿，宁愿吃料理到撑死的夏羽，来到一个令他完全陌生的食戟之灵世界。什么，厨神养成？“你要满足的不仅仅是正常人类的食欲，还有各种各样的妖魔，百鬼夜行，用食物感化它们！”老头
直死无限,如倾如诉,科幻,2018-04-30 22:00,“从今天起，你将成为主神空间中的一名主神使者，周而复始的来往于一个个的世界，那样，你会得到别人一辈子都得不到的东西。”从这句话在方里的脑海中响起的那一个瞬间，方里的人生注定变得不再
战天,苍天白鹤,玄幻,2012-03-23 10:14,一颗天地圣果穿越所造就的奇迹。
琥珀之剑,绯炎,游戏,2018-01-14 15:12,命运在我眼前分开成两条互不相关笔直的线，一条通向火焰中熊熊燃烧的宫殿与城池，王国倾覆，大地承载苦难，生灵在这火中忍受煎熬，永世暗无天日。而另一条通向先古诸王之巅，神祗在云端亲自为我
首席御医,银河九天,都市,2014-07-21 22:39,挽救你的生命，即挽救你的政治生命。机缘巧合之下，踏入了半官半医的“御医”之列。在展现中医强大魅力的同时，曾毅也实现着自己“上医医国”的理想，一步步直入青云！本书目前已经正式结册出版
大宋的智慧,孑与2,历史,2016-05-23 11:58,云峥打开了一扇门，就再也没有回头路，生活，就是这个样子，开了弓就没有回头箭，想回头已是百年身。这是一本讲述为师之道的小说，说的是生存智慧，讲的是人间温情，道的是兄弟情义，表的是温恭
巫神纪,血红,玄幻,2017-03-17 22:50,当历史变成传说当传说变成神话当神话都已经斑驳点点当时间的沙尘湮没一切我们的名字，我们的故事，依旧在岁月的长河中传播一如太阳高悬天空，永恒的照耀大地，永远不会熄灭记住，曾经有这样的一
最强反派系统,封七月,武侠,2017-12-29 08:36,什么是反派？是拳倾天下，纵横一世，还是万人皆敌，搅动风云？重生一世，大反派系统加身，苏信可以获得前世武侠世界当中所有的反派人物功法和武技。前世惨遭横死，这一世自己要做，就要做那最狠
曹贼,庚新,历史,2015-11-10 11:41,新书宋时行已上传，欢迎大家收藏————————————————————————2011年，庚新倾力打造，一个小曹贼的故事。
某美漫的一方通行,月空楼阁,科幻,2018-03-31 00:12,路一方魂穿到漫威世界，没有获得什么开挂的系统，却在成年之即觉醒成为了强的开挂的变种人，拥有着一方通行的能力矢量控制。于是一个誓要逆转变种人的悲催未来，带领变种人走向辉煌的五级变种人
疯狂神豪玩科技,为情成痴,都市,2018-04-03 15:06,老司机翻车，居然蹦出个‘土豪系统’。做任务，抽大奖，疯狂散财玩科技，一不小心，苏诚就成了神级土豪。“花钱是件极其无聊的事情，真的，不骗你。”“我这辈子最后悔的事情，就是赚了太多钱。
叱咤风云,高楼大厦,玄幻,2012-04-17 13:10,这是一个属于各种强大血脉战士的时代，有魔法，也有斗气的热血时代！热血无尽，一路前进不止！草根样的小人物，一样可以活出牛逼的光彩！
篮坛教皇,兔来割草,体育,2017-12-14 11:07,网站NBA数据管理员重生到1997年的美国，一鸣惊人，成为了点废成金的篮坛教皇！书友群号：13774889
青山依旧在，几度夕阳红,秋月春风矣,军事,2017-11-09 10:11,在烽火岁月中，一个富家子弟，在国难当头之时，决定投身于抗战救国的洪流中去，无论是在青山绿水的千年羊城，还是在龙蛇混杂的十里洋场，他依靠着信念，勇气和才智闯过了一个又一个的关口，挫败
易鼎,荆柯守,仙侠,2012-06-20 18:13,龙气者，人道总纲也一次的意外，让他携带着一个破碎灵魂，回到了这个世界十八年前，那时，江山如画，群雄逐鹿，苍茫大地，谁主沉浮？凭借着龙气秘术，突破命格，要行那“易鼎”之事
恐怖广播,纯洁滴小龙,奇幻,2018-02-09 15:39,“听众朋友们，欢迎收听【恐怖广播】，希望您能够好好享受我们节目陪伴你的时光，好了，下面，请您转过头，看一看您的身后，是不是有一张人脸正在微笑着看着你？”——————起点精品作者，小
大文豪,上山打老虎额,历史,2018-05-11 08:33,久经商战中勾心斗角，推杯把盏中尔虞尔诈的文学青年陈凯之回到了古代。放眼看去，这里尽是歌楼酒坊，灯红酒绿，才子佳人。好吧，暂时这些和陈凯之没关系。寒门少年一枚，身份尴尬。且看这寒门少
光明纪元,血红,玄幻,2014-01-16 17:20,文明的宿命，毁灭和复苏，无止尽的轮回原罪的深渊，世界被崩毁，只有余烬残存黑暗笼罩下，无边废墟中，唯有一人独行将血罪消泯，撕破那黑幕，光芒笼罩大地《光明纪元》简体版图书近期各大书店上
偷天,血红,仙侠,2012-03-30 22:35,窃钩者诛，窃国者侯，窃天地人心者，或为神圣仙佛。天地之道，无边无际；红尘人心，无穷无尽。且看吾孤身只手，将这天地一手偷之。************************血巢①群：
飞天,跃千愁,仙侠,2017-02-14 14:15,苍穹之下世态炎凉，妖魔鬼怪不敌人情冷暖！纤纤柔荑，美人如玉，怎奈天地之间剑气如虹！浩瀚星空，七情六欲，贪念嗔痴，佛谛如来，任你法力无边！芸芸众生，一腔诚愿却换来血海滔滔！鬼哭神嚎，
重生欧美当大师,摇摇-欲坠,历史,2018-03-31 00:03,他是一个历史研究大师，他是一个音乐创作大师，他是一个电影先锋大师，他还是一个公认的发明家，他还是公认的国际关系研究学家，但是在他自己的心里，他只是一个有家不能回的游子。新书上传，老
彪悍的人生,新丰,都市,2018-03-19 03:46,我叫林凡，有个百科全书，什么都会一点点。第一届国际装逼舞台上，参赛选手全部落败。众人：大哥，你装逼为何如此厉害。林凡：我从来不装逼……。彪悍的人生正版群：590638852PS：老
超级医生,叶天南,都市,2012-11-07 02:39,医学院大三的徐泽，得到了一个来自未来的超级医护兵辅助系统；这下好了，一个默默无求，仅仅靠着在外兼职，而企图完成学业以帮助父母支撑家庭的小宅男，有了新的目标。靠着自己的努力和勤奋，在
剑道独尊,剑游太虚,玄幻,2015-06-16 23:40,真灵大陆，宗门千万，强者如林。一个大家族子弟因为奇异的变故从庸才变为天才，不但能过目不忘，感知敏锐，领悟力更是直上云霄，成为妖一样的存在。热血激烈的对决，顶级天才的碰撞，武学不再局
斗罗大陆,唐家三少,玄幻,2009-12-13 07:42,唐门外门弟子唐三，因偷学内门绝学为唐门所不容，跳崖明志时却发现没有死，反而以另外一个身份来到了另一个世界，一个属于武魂的世界，名叫斗罗大陆。这里没有魔法，没有斗气，没有武术，却有神
大唐风华路,山下出水,历史,2018-04-01 00:00,穿越成为李世民的私生子，然而并不知道自己的身份。有个童养媳，种着几亩地，没事发明点东西，慢慢将一个烂泥村落发展起来。韩跃感觉这种日子挺好，如果没有人打搅他情愿一辈子都这样。然而男人
惟我神尊,傲无常,玄幻,2015-01-30 08:35,一部逆天神功《大光明神诀》，为陈默逆天转命，踏足无上尊道。一枚意识海中的“光明种子”，竟然能长成“光明神树”，结出无数果实，瓜熟落地，幻化为一个个美若天仙，战力强横的光明天使，横扫
我要做皇帝,要离刺荆轲,历史,2017-07-10 17:37,受命于天，既寿永昌。朕奋三世之余烈，用天下之大义，乃执三尺剑，以做天下王。朝鲜卫氏王头已悬汉北阙。南越赵氏纳土内附。中央帝国，天朝上国，即将成型。但这还不够！朕的眼睛里，现在只有匈
人道至尊,宅猪,玄幻,2017-03-20 20:10,自盘古开天，三皇治世，五帝定伦，世界之间，人为天地灵长……此时正值三皇中的人皇末期，五帝未定，人族也不是天地灵长。这里是莽苍荒蛮的时代，妖神、邪神、天神，诸神林立，妖魔、邪魔、天魔
我是瓦尔迪,王大布,体育,2018-03-27 10:55,系统：我的目的不是培养星球上最出色球星，而是培养最逗比的球星瓦尔迪：我可以骂人么？系统：不可以瓦尔迪：%￥#@#￥%@逗逼日常：请在和皇马的比赛中完成两次“思考人生”瓦尔迪：我是超
官居一品,三戒大师,历史,2012-06-22 09:29,数风流，论成败，百年一梦多慷慨有心要励精图治挽天倾，哪怕身后骂名滚滚来。轻生死，重兴衰，海雨天风独往来。谁不想万里长城永不倒，也难料恨水东逝归大海。
就问你气不气,秋刀斩鱼,都市,2018-04-24 02:29,抄抄书，就太监。动不动，搞事情。他是千夫所指的太监王，也是娱乐圈最为痛恨的搅屎棍！——唐健：“哎，我也很绝望啊！自从拥有【气死人不偿命宇宙无敌叫天天不应叫地地不灵系统】后，一分钟不
天下,高月,历史,2011-11-28 00:00,重回大唐，争霸天下天宝五载，大唐建国已过百年，经历的近数十年的治国，已知天命的李隆基有些疲惫了，自从他册封了杨氏为贵妃后，他的心思也渐渐地离开了枯燥而繁琐的朝政。‘欢歌慢舞凝丝竹，
奥术神座,爱潜水的乌贼,玄幻,2018-04-03 20:53,“知识就等于力量。”“所谓神，不过是强大一点的奥术师。”带着一大堆知识的夏风穿越而来了。
宝鉴,打眼,都市,2015-12-12 16:21,一局安百变，叵测是人心！三教九流，五行三家，尽在宝鉴之中！
雄霸天下,骷髅精灵,玄幻,2012-02-28 14:05,一个酷爱格斗游戏的宅男穿了，满怀希望，来到了兽族统治的世界。武力至上，有木有？美女很杀，有木有？哥咋就这么悲催呢，这不是逼俺这文明人发飙咩!!!邹神棍开始了他在阿蒙德兽神大陆的肆无
游戏开发指南,我爱厨房,游戏,2018-04-26 00:18,一部游戏开发的科普读物；一篇互联网产业崛起史；一个传奇制作人；一段游戏人生。这本书想写一个游戏圈。书友6群【257627296】（未满）全订3群【688072835】（未满）
武神空间,傅啸尘,玄幻,2016-09-16 20:52,叶希文本只是地球上一个普通的大学生，却意外穿越到了一个名为真武界的世界！在这个世界中，强大的武者能翻山倒海，毁天灭地！本是资质平凡的他，因为得到了一个神秘的特殊空间！任何的武学都可
黄金渔场,全金属弹壳,都市,2016-04-26 11:56,爱蓝天，爱绿树，更爱波澜浩瀚的大海。浅海鱼，深海鱼，龙虾还有大海蟹，吃货的世界怎么能少了海鲜？快艇，游艇，海钓艇，还有巡航艇，其实豪华游轮才是王道。家里养着棕熊、白熊和浣熊，渔场还
神级英雄,大烟缸,游戏,2018-03-06 11:01,英雄，就是那种自身实力强大，他率领的部队也会随英雄的强大而强大的神圣存在。《英雄创世纪》，一款由美国，中国，欧盟，俄罗斯，印度，日本，韩国共同开发，集奇幻，冒险，战争，贸易，领地建
武神,苍天白鹤,玄幻,2011-01-13 11:14,什么是天才？无论学习任何战技都能完全领悟，只要修炼新的功法就能扫除进阶的壁障，这才是真正的天才！贺一鸣本为贺家庄一普通少年，习武资质无甚出众，但一次奇遇之后，这个天资本普通的少年一
气冲星河,犁天,玄幻,2011-10-19 23:08,"中国古武界史上最年轻的大宗师武星河,重生在异世界一个下等贵族少年身上。再次开启他武道追求的颠峰之路.不依阿权贵，不妥协豪门,哪怕你火海焚身，自有两只铁拳打出一片清朗乾坤；哪怕你刀山"
山洼小富农,醛石,都市,2017-12-15 23:49,温煦不喜欢大都市的生活，因为大都市让他感觉永远在赶时间，身心似乎永远也得不到片刻的休憩，拿到手的那点儿工资感觉怎么也不够花似的，更别提几乎看不到星星的天空，还有那吐不完槽的雾霾天。
明末边军一小兵,老白牛,历史,2016-08-23 00:54,崇祯七年三月，山西陕西大旱，赤地千里，民大饥。四月，李自成入河南，与张献忠合兵攻取澄城。七月，后金军进围宣府，兵掠大同，沿边城堡多失守。大明内忧外患，风雨飘摇！这年的七月，王斗意外
工业霸主,齐橙,都市,2013-01-01 21:00,机械系研究生林振华穿越到1979年，成为一名工厂青工。凭借扎实的技术功底和对历史的些许预见，林振华带领工人师傅们挥洒汗水，打造出一个横跨欧亚的重型工业集团，成就了一段工业霸主的传奇
召唤万岁,霞飞双颊,玄幻,2014-09-04 15:51,龙腾大陆是个纯召唤的世界，无魔法无斗气。宅男岳阳来到之后，惊讶地发现，自己变换了另一个身份，岳家三少爷，一个被美人退婚后投河自杀的淹死鬼。原来的岳家三少爷是个杯具男，是四大家族中公
大魔头,傲无常,仙侠,2013-04-22 00:03,玩召唤，炼阴魂，血祭万鬼幡。且看雷动从一个无名小辈，加入邪宗后，一步一步从一个普通少年成长为惊天大魔头，纵横于天下。顺我者昌，逆我者亡。
间客,猫腻,玄幻,2011-09-05 16:20,世界上有两件东西能够深深地震撼人们的心灵，一件是我们心中崇高的道德准则，另一件是我们头顶上灿烂的星空——康德当许乐从这行字上收回目光，第一次真正看到尘埃后方那繁若芝麻的群星时，并没
捡宝王,全金属弹壳,都市,2018-01-01 11:24,爱黄金，爱白银，更爱星光璀璨的宝石。枪械，珠宝，还有贵金属，收藏家的世界怎么能少了古董？仓库拍卖，旧货交易，房产收售，还有淘金挖矿，其实要想赚钱那么寻找传说中的宝藏才是王道。麾下坐
昏君,傲无常,历史,2013-04-22 00:05,生活压力很大？那就来当昏君吧！找工作被白眼？那就来当昏君吧！老板剥削厉害？那就来当昏君吧！房价高买不起？那就来当昏君吧！谈女朋友没钱？那就来当昏君吧！股票一路大跌？那就来当昏君吧！
武极巅峰,雨辰宇,玄幻,2016-05-04 20:06,罗逸，本是个待业在家的宅男，他最大的兴趣，便就是没日没夜的看着网上的各种玄幻小说，对那些光怪陆离的世界，神往不已。一个意外，他穿越了…这是一个玄幻的世界，妖兽与人类相互激战了无数个
三国之蜀汉我做主,三七开,历史,2012-05-01 21:10,这是一本刘封踢开刘备，单干蜀汉，逆袭成就霸业的故事。………………….三七新书，三国之窃国之贼已经上传，求关注！
史上第一掌门,冥域天使,仙侠,2012-02-21 18:06,穿越了，而且成了一派之尊！看起来似乎不错，只是这个门派似乎弱了点，人也少了点……“师兄，师傅说了，振兴本派的重任就交给你了！”唯一的同门师妹一脸不爽的说道：“如果你做不到的话就赶紧
异世为僧,萧舒,玄幻,2013-07-04 22:10,萧舒继《金庸世界里的道士》后之新作。转世降临，出家为僧，真能离情绝欲，慧剑斩情丝？修炼武功，有天下第一之志，可世间天才如夜空繁星，他真可达成？金刚不坏，身陷红尘，落入花丛，真能不垢
雄霸蛮荒,淡定从容的某人,玄幻,2016-07-08 20:00,天才们在修炼着古人开创出来的功法时，章叶却已修炼着自己开创的功法。别人为一本武道秘籍争得头破血流的时候，章叶却在出售自创的武道秘籍赚钱。天才们在为自己的一点成绩沾沾自喜时，章叶却已
唯我独尊,小刀锋利,玄幻,2011-12-20 11:34,天元大陆，强者如林，绝世隐匿！前世的秦立是个现代社会的武学高手，末武时代，法制完善，处处受限，更奈何基础不牢，止步于武极巅峰！尔后，他穿越了。。。穿越众最大的幸事，不是身份家世，不
蝶与谍,我是曹宁,军事,2018-02-16 00:46,戴笠：“你要多弄点情报给我。”周林：“这是日军进攻长沙的军事计划，换一百万大洋！”李克农：“有叛徒告密，日本人知道我们共产党有个蝶在他们身边。”周林：“小风浪翻不了船。这次有一百万
最佳导演,机器人瓦力,都市,2017-11-02 19:35,做一个导演，制作出让全世界为之疯狂的电影。这是王扬的梦想，可是他的人生刚刚受到了重大打击，因为被人诬陷而遭到南加大开除。但是上帝对王扬关闭一扇窗的同时，又为他打开了另一扇窗。在马路
百炼成仙,幻雨,仙侠,2017-12-11 15:38,仙路崎岖，百般磨练终成正果一个没有灵根的少年，一个被认为是废物的家伙，在修真界不断地收购着各种废品……无论是废丹还是下品材料，来者不拒，有多少要多少！
重生之神级败家子,辰机唐红豆,都市,2016-07-24 10:58,“我必须得败家啊，不败家不浪费我爸妈赚钱的才华了吗？”面对记者的采访，洪大力如是说。采访刚一结束，洪大力便拉出“大败家系统”界面，看着上面各种各样的好东西，摸着下巴喃喃自语：“再败
唐门高手在异世,莫默,玄幻,2012-10-18 13:59,宁遇阎罗王，莫惹唐门郎！行走在黑暗之中，卑鄙却不失本性，无耻却不丢风度的勾魂使者！一个唐门弟子重生到一个全是女子组成的门派之后的故事。老天顺我老天昌，老天逆我叫他亡！…………………
帝尊,宅猪,仙侠,2015-03-13 20:07,武道可以通神！武道修炼到神轮的境界，便可以炼就神通，超凡脱俗！
天下枭雄,高月,历史,2013-04-24 08:33,这是一个英雄辈出的时代，李世民、窦建德、王世充、李密、萧铣、张须陀、李靖、苏定方．．．．．大浪淘尽，千古风流人物。这又是一个充满机遇的时代，隋末天下，群雄争霸，美人似玉，江山如画，
独裁之剑,发飙的蜗牛,游戏,2013-01-29 22:13,来自银耀天堂的智慧之光，自然之力的守护者，这是阿克蒙斯神位德鲁伊的王者传奇。~~~~~蜗牛继《重生之贼行天下》之后，又一力作，大家可放心观阅。蜗牛已经完本网游小说：《重生之贼行天下
天骄无双,跳舞,玄幻,2015-04-08 14:13,神奇的大门即将开启！新的世界就在眼前！魔法，秘宝，海战，炼金术……生存的丛林之中，全能才是王道！一场事先张扬的穿越事件！一场化蝶重生的涅槃蜕变！热血疆域！与你！不战！不休！“永远都
冒牌大英雄,七十二编,科幻,2011-10-22 21:49,一个机械修理兵能做什么，研究、改装、奇思妙想？一个机甲战士能做什么，机甲战斗、精妙操作、奇拳怪招？一个特种侦察兵能做什么，深入敌后、徒手技击、一招制敌、伪装、潜行、狙击？一个军事参
巫师之旅,一行白鹭上青天,奇幻,2017-11-22 17:44,给我无尽的知识，我便以自身为支点，撬动无尽世界。故事讲述的是一个名为格林的巫师，依靠自己的智慧和运气，学习自己独特的巫师知识，游历异域世界，参与不同文明之间战争的故事。一直想写一本
从零开始,雷云风暴,游戏,2016-03-02 18:00,想要让游戏币兑换现实货币，那就一定要有一个强大的经济实体来担保其可兑换性。而这个实体只能是一国的政府。可是政府为什么要出面担保一个游戏的真实货币兑换能力？战争也可以这样打。兵不血刃
独步天下,宅猪,仙侠,2012-11-01 10:13,元神与生俱来，任何人只要在三十岁之前修炼到武道先天的境界，元神足够强大，便可以沟通诸天，获得天道认可，得到天道的传承。天道会赐下一座玉楼或者宝塔，塔中有相应的修炼心法和巫法！做到这
脑洞大爆炸,魔性沧月,都市,2018-04-12 02:02,幻想即现实，意淫即真理。当虚假的设定被现实所承认后，无论它有多离谱，那也是真理。‘百分百一箭三雕’，‘强行防御反击’，‘绝对无敌口令’，‘瞪谁谁怀孕被动’……一道超级伽马射线暴开启
网游之全球在线,笙箫剑客,游戏,2018-04-16 16:38,史上第一款集个人冒险+领地建设+位面战争于一体的跨时代网游《地球Online》，全球玩家在线，群雄争霸。且看重生后的主角如何建设领地，招募历史猛将名士，搅动风云，成就帝王霸业！（P
锦衣当国,特别白,历史,2012-01-12 13:42,现代职场人王通，在病死后来到明万历初年，这是大明最好的时代，也是大明最后的辉煌，作为锦衣卫子弟的王通，能做些什么，能改变些什么呢？在他出现的这一刻，时间长河已经变了流向......
至尊战神,君落花,玄幻,2018-03-26 23:11,【完本】神武大陆，强者为尊，武者天生一种武魂。五行相生相克，冰火不相容！金鳞即是池中物，冰火际会便化龙！一颗太古冰晶现世，一个烈焰圣体的天才，成就一个万界颤抖的传说！地球青年李凌天
掠天记,黑山老鬼,仙侠,2017-12-01 13:03,有人说他是修行界里的一粒老鼠屎，坏了礼义廉耻，乱了道门秩序！有人说他是南瞻部州最大的败类，勾结魔道，坑蒙拐骗，无恶不作！也有人说他是最危险的采花盗，请看好自家女徒，一遇方行误终身！
德猎,小伈,都市,2018-05-01 00:01,知乎：拥有德鲁伊和猎人的能力，是一种什么感觉？回答：真的可以为所欲为。————这是一个倒霉孩子，无意中拥有德鲁伊和猎人异能后，欢乐逗比的爆笑故事。
修真界败类,跃千愁,仙侠,2012-03-25 11:00,臭名昭着的死刑犯，死后来到一个陌生的世界。这里没有四个轮子的奔驰，有四个蹄子的宝马。天上没有飞机，有在天上飞的仙人。没有手机电话也没关系，有千里传音……这个世界太疯狂，前世只有书里
娱乐大顽家,五陵,都市,2018-04-26 22:18,星探韩歌手机上多了一款软件，能看到别人的天赋，演员、歌手、主播、球星……世界上的每个人都是独一无二的，有人擅长唱歌，有人擅长演戏，有人擅长踢球，还有人擅长……韩歌不禁感慨一声：“国
NBA万界商城,远古莱德,体育,2018-02-28 00:57,与万千平行位面NBA球星进行交易！艾弗森：“小子，我这穿花蝴蝶步，八折给你！”奥拉朱旺：“小伙子，我看你骨骼清奇，这梦幻舞步就交给你了！”里克-巴里：“额，我这端尿盆……你要不要…
九炼归仙,博耀,仙侠,2018-01-31 09:01,推荐博耀新书《大夏纪》。五行轮灵，真火九转；九九归一，九炼归仙。双脚踏翻尘世浪，一肩担尽古今愁；仰天大笑登九仞，我辈岂是蓬蒿人？男儿立于当世，理当顶天立地，负斩妖伏魔之任，登修仙路
大豪门,不信天上掉馅饼,仙侠,2015-09-30 09:31,一个忽然消失得无影无踪的修真领袖宗门，到底发生了什么？一位精通相术医道风水占卜的修真天才，要如何振兴这个已经彻底没落的宗门？这是一个曲折的故事。相信会很好看！馅饼完本老书《重生之衙
神级茶人,闲檀,都市,2018-03-31 17:15,陆雨进入的这个平行世界中茶人有巨大的影响力，但华夏的传统名茶和茶文化却神秘消失了！带着弘扬华夏名茶与茶文化，解开文化消失原因的使命，陆雨开启了成为全世界唯一的神级茶人之路！书友闲聊
神秘之旅,滚开,奇幻,2015-07-23 17:01,带着属性异能，穿越一个个世界。领略一个个异域风情的神秘世界。新书永恒剑主，有兴趣的可前往阅读。231786531为vip群，大家可进入讨论另外：（欢迎关注我的微信公众号，搜索——作
九项全能,十喜临门,都市,2014-06-28 22:34,《九项全能》因为种种原因，结尾有些匆匆。十喜颇为遗憾。但有失有得，第一次写小说，也是第一次写这么长的故事，让十喜对剧情的驾驭能力有了很大的提升。自信，下一本会更精彩。希望喜欢《九项
禁区之雄,林海听涛,体育,2013-01-20 10:01,他是世界足坛的争议性球员。他在球场上取得的成就有目共睹，但同时他冲动嚣张招人讨厌，他推搡主裁判，挑衅对手，引发斗殴……他让主裁判头疼，他让对手的后卫和门将头疼，他甚至让自己和对方的
天庭清洁工,李家老店,都市,2016-11-24 10:30,下界污染严重，灵脉破坏殆尽，导致几百年都没有人飞升成仙，而以前的神仙不是因为功德的积累而高升，就是因为年龄到了而退休，这直接导致天庭的底层工作人员紧缺，尤其是最低等的清洁工作更是没
黑暗文明,古羲,科幻,2012-12-30 17:14,当夜色落下帷幕，黑暗降临世间。一个后世称为“黑暗”的大时代来临，人类展开了又一次的新进化。带着末世生存十年的记忆，回到了末世发生的当天，叶晨唯一能够做到，就是保护好身边的人，然后…
纨绔疯子,鹅是老五,都市,2011-10-19 03:07,地球穿越到异界的多了，可是林云却从异界重生到地球了！这还不是最让林云郁闷的，最让林云抓狂的是他发现自己正躺在精神病院......－－－－－－－－－－－－－－－－－－－－－－－－－－
雅骚,贼道三痴,历史,2013-10-05 10:11,穿越到万历四十年，既想吃喝玩乐，又想直线救国。没错，就是这么一个充满情趣和矛盾的故事。晚明，江南，末世繁华；《菜根谭》的雅，《金瓶梅》的俗；老僧经商，名妓礼佛；袁宏道品茶插花抒性灵
纯阳真仙,EK巧克力,仙侠,2016-06-12 12:42,身怀无上法决，重生少年时代，踏入修道巅峰，成就纯阳真仙。前世的仇人，今生通通打倒；前世的遗憾，今生通通弥补。前世的极品天才、绝世妖孽……今生，通通都是浮云。ＱＱ群：【6573411
神魔养殖场,黑瞳王,科幻,2011-08-29 22:00,正在三流大学里混日子的苏羽，因为“天坑”事件，一座学校塌陷掉进“天坑”，出现在了一个恐怖的未知大森林中，在这大森林里，布满了各种恐怖~~~可怕的变异，从他的手，开始了……
歌星,京门菜刀,都市,2018-05-04 21:02,“爸，你想不想要那个长腿姐姐的电话？”“哪个长腿姐姐？”“就是喷泉旁边那个长得很漂漂的长腿姐姐，我给你要到她电话，你给我买个甜筒怎么样？”不待黄国仑答应，他的吃货儿子黄桃已经舔着舌
掌御星辰,猪三不,玄幻,2015-09-24 17:48,曾经抡过铁锤炼过器，挖过草药炼过丹，学过阵法制过符箓的天罡境高手重生了！重生到了那个令他不堪回首、遗憾重重的纨绔花季时代！等待他的仇人的，将会是一个接一个的噩梦！这一世，他要父亲望
重生潜入梦,第十个名字,都市,2018-03-28 15:25,我们的个性都是圆的，红旗下孕育着新的生命，在新时代成长的新一代。生于70年代的主角，再次踏上了一条他从未走过的人生路，假如这一天来临，假如时光能倒流，在这个变革的年代里，路实在是太
无尽剑装,衣冠胜雪,玄幻,2013-11-30 22:49,一个在家族中地位不高的玄气弟子，偶然在地摊上得到一块奇异玉石，里面藏著一门上古剑修传下来的绝世剑阵修炼之法！冰火两仪剑阵，三叠琴音剑阵，四合八级剑阵，六脉五行剑阵，七星八卦剑阵，九
我是大玩家,会说话的肘子,都市,2017-08-18 11:47,文抄公也不能不劳而获！你见过抄个小说就要被系统逼去玩命的穿越者吗？你见过说句前世名言就要被系统逼着体罚的穿越者吗？我特么就是想赚个钱而已，怎么就这么难！系统，你敢不敢不搞事情了？我
超级潇洒人生,胖达福,都市,2018-05-09 20:05,（都市架空，纯属虚构，请勿对号入座，纯属虚构，纯属虚构，纯属虚构，重要的事情说三遍）郭永仁穿越到了1979年的香港，从此开创了一段传奇。娱乐必须有，否则对不起这个时代。生意必须谈，
回到过去变成猫,陈词懒调,都市,2016-06-27 12:17,楚华大学东家属区大院门口，门卫大叔接了个电话之后，拉开窗子朝不远处的小树林中气十足一声吼：“黑炭，你妈叫你回家吃饭！”嗖——一只黑猫从小树林那边茂密的草丛里冲射而出，朝某栋楼跑去，
超级黄金手,小小羽,都市,2012-07-23 00:21,珠宝公司实习员李阳在平安夜的救下了一个小男孩，随后被意外的提拔转正。惊心刺激的赌石，典雅高贵的青花瓷，清纯可爱的大学生，英姿飒爽的女警，美丽高傲的下属，获得了特殊能力的李阳开始了完
大界果,蓝白阁,仙侠,2018-04-29 21:00,数万年前，一场大灾劫，彻底改变打乱了所有法则。在这个修行只能依靠各种灵植的世界之中，从贫困战乱村中走出的少年陈默，因机缘所致，入了仙途，更有了带着神秘种植空间的天铸之宝......
超级猛鬼分身,奥比椰,灵异,2015-07-02 20:07,发烧了几天，孟皈意外获得了一个超强悍的猛鬼分身！这下有乐子了。孟皈一向没什么节操……大半夜里不睡觉，到处去吓唬人，你到底要闹哪样？……新书《颤栗世界》已发布，书号：3584300，
一世富贵,安化军,历史,2018-03-04 23:49,穿越到北宋仁宗年间，金榜题名，却因为得罪太后，被打发到岭南为官。从边疆小官做起，步步升迁，徐平终于熬到出头天，在宋代书写自己的传奇。从五代乱世走来的北宋，世家大族一扫而空，社会上还
修真老师生活录,断桥残雪,都市,2013-05-02 19:42,他是一位年轻的大学老师，他还是一位无意中得传上古五帝真经，修炼了大混沌五行心法的修真者。他隐居大学教书育人，他行事作风低调，但不经意间却锋芒夺目……
神煌,开荒,玄幻,2016-03-11 12:50,宗守一梦醒来，发现自己穿越到了万年之前，神皇即将出世之前的时代。何谓神皇？宇内六合八荒无敌，十方百万世界之主！身为半妖的宗守，就这样以弱质之身，开始在这个群雄辈出，血腥无情的时代挣
猎国,跳舞,玄幻,2013-03-21 21:33,“不想谋朝篡位的权臣不是一个合格的权臣……总有一天，帝国的金币上会印上老子的头像！”——夏亚雷鸣【跳舞新书，欢迎新老朋友前来捧场～】
灭运图录,爱潜水的乌贼,仙侠,2018-04-03 20:54,修真，去假存真，照见本性。能达到这点的，则被称为“真人”，他们成就元神，超脱生死。灭运图录，灭运道种？一个偶得上古仙法的穿越客在这诸天万界、亿兆大千世界的修炼故事。群号：一群:二一
重生之恶魔猎人,颓废龙,游戏,2015-01-03 12:20,不属于光明的我们，不属于黑暗的我们，行走于边缘。没有礼赞的荣耀，没有圣歌的传诵，只有内心的骄傲。——《猎魔人守则.序》
华山仙门,秣陵别雪,仙侠,2012-09-09 23:00,这是一个简单的讲剑，和剑法的故事手执三尺青锋，习百门剑法，悟剑中真谛。陆元，乃是华山仙门北峰当中的一个普通弟子，本来以为可以悠悠闲闲安安然然的渡过一辈子，但是师傅寿元无多，各种各样
龙骑战机,华表,科幻,2013-12-03 12:10,中国最好看、最热血、最精彩、最激情的现代空战小说，空战流的至强篇章，仅此一家，别无分号!来自异界的龙骑士长剑直指被战斗机主宰的苍穹，化身为构装空中战斗兵器的巨龙振翅翱翔，两个世界的
君临,开荒,仙侠,2016-03-11 12:50,此刀当碎虚空界，此剑当开造化权！血戮尘寰世无双，傲视三界笑红尘！
一品江山,三戒大师,历史,2013-05-16 22:30,庆历五年春，范文正新政改革失败，富弼也跟着被下放，滕子京重修了岳阳楼，欧阳修喝得烂醉如泥，韩相公却依然高帅富，文彦博彻底成精；狄青成了大宋吊丝偶像，拗相公和司马牛才刚刚参加工作，包
守望黎明号,黑袍雷斯林,科幻,2017-11-28 12:57,主角陆远，大陆的陆，远方的远。这是他依托主神的世界，穿越各个不同的次元，最终拯救濒临毁灭的移民飞船“黎明号”的故事。奇幻瑰丽的博德之门，战舰争霸的加勒比海，超日常的幻想乡，超展开的
美梦时代,俊秀才,都市,2016-09-19 09:40,为了救一个小女孩，刚刚毕业的萧奇博士，从美国穿越回了八年前的中国，回到了自己的高中时代。作为一个重生者，萧奇究竟该怎样去投入这个波澜壮阔的变化潮流之中，从而站在金字塔的顶尖呢？白手
暗夜游侠,深蓝椰子汁,游戏,2016-06-30 00:26,新书《星河帝国》火热连载中！新读者欢迎移步试读！……传奇玩家马文穿越到大灾变的前夕。这是第四纪末，诸神联手摧毁了宇宙魔池，第四块命运石板开始在凡间酝酿。诸神、恶魔、传奇、魔鬼、巫妖
娇妻如云,上山打老虎额,历史,2012-04-22 08:56,史上最具艺术天赋的大盗，穿越到了北宋徽宗四年。身为祈国公府仆役，沈傲很欢乐，知识改变命运，智商决定前途，什么都是浮云，看我只手遮天。玩的是艺术，讲的是品味。伪作最好的名画，写最漂亮
唐朝好地主,木子蓝色,历史,2017-12-15 20:28,张超穿越武德四年，来到长安郊外灞上，成为了老府兵之子，但他却只想做个悠闲的大唐好地主！读者群：656118488（荣获2016星创奖历史优秀奖作品！）
仙鸿路,快餐店,仙侠,2012-01-22 08:08,修仙天才，一夜散功，逆天重修，走上传奇修仙之路。杨凡本是修仙家族的天才，偶然得到了一枚神秘“仙鸿戒”，可以连通神奇的仙鸿空间，批量栽培天材地宝和灵花异草。他一夜散功，成为废人，饱受
铁血德意志,流泪的鱼wyj,军事,2018-03-31 20:00,强权即真理！铁血首相俾斯麦曾说：“当代的重大问题要得到解决，不能凭演说和议会的决议……要凭铁和血。”军事发烧友秦天，重生成了威廉二世的第五子，即奥斯卡王子。原本只想混吃等死的他，阴
马踏天下,枪手1号,历史,2012-07-02 16:56,拿起了战刀，跨上了战马，纵横驰骋，马踏天下。
仙绝,石三,仙侠,2012-09-17 20:35,既然上天又给了自己一次机会，那就……修最强的功法！用最好的神符！抢最大的宝藏！会最美的佳人！把一切正道天才都踩在脚下，否则怎么能体现出自己上一世魔道巨擘的风采？至于魔道天才？上一世
主神崛起,文抄公,游戏,2017-07-07 15:17,一觉醒来穿越成反派？这剧本不对！还抢了人家的妹子？又有一个强势的姐姐？剧本更不对了！居然还有主神空间，诸天万界？我一定是在做梦！吴明淡定地木着脸，继续着征程。
黄龙真人异界游,神见,玄幻,2012-05-05 23:10,阐教十二金仙之一的黄龙真人在封神之战后，莫名地穿越到了异界，于是，在阐教混得不行的黄龙真人在异界开始了彪悍的人生。神兽很威？老子一个灵兽圈过去，给老子看门。十二翼天使牛逼哄哄？老子
通天大圣,蛇吞鲸,仙侠,2012-08-03 12:10,铁拳无敌，双锤横天！穿越之后的小豹子，只拿该拿的，只做该做的。绝不去担那太重的责任，也不会去应那不该尽的义务。所谓热血，早在前一世已经消磨干净。然而，当禁忌的血脉在他的体内苏醒，当
神奇铁匠铺,时间海藻,玄幻,2018-03-30 13:33,修真界，有一家神奇的铁匠铺，它的每件作品，都能引起全世界的追逐……修士们长年累月的等候在外，只求铁匠铺下次丢垃圾的时候能砸到他们头上……“哈哈，排队十年，他总算答应给我打造法宝啦！
无限之召唤笔记,李家成功,科幻,2011-12-28 23:24,新书在２０１２年新年后发表，敬请关注，多谢大家————————————————————————————召唤——李维可以召唤他想要召唤的一切——人作为一个电影、游戏、动画、漫画、小说
文艺时代,睡觉会变白,都市,2016-09-17 19:49,他曾在一个小县城中看到一个名叫小武的小偷，也曾在苏州河边见识过一条金发的美人鱼，更是在一个小村子里看过一个汉子在被砍头前学驴叫……本书很墨迹~——————————新书发布了《顾道长
神级剑魂系统,夜南听风,二次元,2018-04-10 14:49,森罗万象，皆为灰烬，流刃若火！穿越到海贼世界，大海贼时代十一年的罗亚，得到了一个能够无限强化，抽取各种技能的剑魂系统。流刃若火，镜花水月，月牙天冲，千本樱……“我这一刀下去，你可能
材料帝国,齐橙,都市,2016-01-11 10:52,材料，是工业的基础，也是一个工业大国的基石。秦海，一位来自于21世纪的材料学专家，穿越到了1985年的一家小农机厂。于是，一切遗憾终将不再，一切辉煌得以续写。电性功能材料、光学功能
明末工程师,米酿,历史,2017-11-27 11:22,二十一世纪的工业设计师李植穿越到明末。没有钱？搞个飞梭织布机来，立刻赚到盆满钵满。不习惯明末的差劲卫生？发明个肥皂牙膏来让明朝洗得焕然一新！农民起义？乱世人命贱如狗？水泥混凝土的棱
盘龙,我吃西红柿,奇幻,2017-09-21 10:22,大小的血睛鬃毛狮，力大无穷的紫睛金毛猿，毁天灭地的九头蛇皇，携带着毁灭雷电的恐怖雷龙……这里无奇不有，这是一个广博的魔幻世界。强者可以站在黑色巨龙的头顶遨游天际，恐怖的魔法可以焚烧
悟空看私聊,李白不白,玄幻,2018-05-13 21:25,说起来你可能不信，郭大路的山寨手机被一道闪电劈中之后，微信好友里莫名其妙地多了一个名叫“孙悟空”的人。孙悟空性情乖张，一言不合就发红包，什么请仙问卜、什么参禅练功、什么朝真降圣、什
史上第一祖师爷,八月飞鹰,玄幻,2016-06-05 13:18,穿越了，也有了一个系统，但林锋压力山大。系统主线任务：林锋开山立派，建立史上第一大宗门，林锋本人成为第一祖师。于是为了成为史上第一祖师爷，林锋开始奋斗。“你叫石天昊？天生至尊，却被
八零后少林方丈,黑土冒青烟,玄幻,2013-02-19 22:49,老天不睁眼呐！居然把一个八零后风华正茂的大好青年穿到了古代，穿也就穿了，偏偏要穿成个和尚。穿成和尚也就罢了，偏偏还是个方丈！方丈也就罢了，还弄个方丈系统来约束咱！将童子功练到大成？
信仰诸天,朝不保夕,玄幻,2018-03-29 12:43,凡人世界，他是韩跑跑手中一具诡异的傀儡；我欲封天中，他是孟浩又敬又怕的师叔；仙逆世界，他是与王林把酒言欢的生死之交；盘龙世界，他是挽狂澜于既倒的光明教皇；遮天世界，他是狠人女帝不愿
万界淘宝商,叶恨水,都市,2018-05-07 09:05,苏宁开了个可以连通小说电影位面的淘宝店！可以在其他位面倒卖货物，更可以为其他位面的人解决烦恼！于是乎，苏宁牛逼了！接受托尼·斯塔克的求助帮他找回老相好美国队长。在仙剑位面收集五灵珠
钢铁皇朝,背着家的蜗牛,历史,2018-01-19 16:52,一场绝密级的试验爆炸让萧铭来到一个类似古代的平行世界。在这个满是恶意的地方，他身为最不受宠的皇子，拥有着一块最贫瘠的封地。不过幸运的是，绝密试验中一个名为科技晶石的物品跟随他一起来
相声大师,唐四方,都市,2018-03-14 09:46,男问：“这书好笑吗？”女摇头道：“不好笑，都冷死了。”男人解开自己的衣服，柔声道：“来穿上我的衣服，小心着凉。”女人也很感动，笑着说道：“谢谢，裤子就不必了。”……这是一部写现实的
超级教练,陈爱庭,体育,2013-01-31 20:23,一个2011年的球迷杨诚穿越到1995年德乙联赛开姆尼茨一名年轻足球教练身上，他利用自己比别人多出来的十几年足球知识，在所有人都觉得不可能的情况下，奇迹般的率领开姆尼茨保级成功，开
韩警官,卓牧闲,都市,2017-09-18 00:05,重活1996，记忆支离破碎，宛如庄周梦蝶。挤牙膏似的想起一点是一点，处处抢占先机。同样的起点，不一样的经历，且看韩博的警路人生。新书《朝阳警事》上传，恳请各位书友支持！书友群：45
唐朝好舅子,晨风天堂,历史,2018-03-08 20:51,大唐如诗篇、长安美如画。苦力级写手穿越大唐。盛世大唐多了一个乡野小民，一个让世界颤抖的小民。唐的文明与太阳一样照耀每一片阳光之下的土地。群号：274462109
超级融合,曾经拥有的方向感,仙侠,2011-09-24 12:00,灵气，是一切修炼者的根基。现代都市，灵气匮乏，灵丹妙药、天材地宝更是少的可怜。可许瑜意外获得从普通食物中提取灵气的能力，更能把灵气完美融合进任何事物……从此，属于他的时代到来了！且
娱乐星工场,给您添蘑菇啦,都市,2018-03-20 12:43,经营娱乐星工厂，升级录音棚，抽取混音师！雇佣五星编剧，培训四星艺人，努力把普通剧本拍成顶级大片！保持清新，拒绝妖艳！走心制作，欢快养成！书友群：423156138
龙珠之最强神话,枫叶缀,二次元,2018-03-05 10:43,夏亚，重生到龙珠世界成为了一名赛亚人，而这时距离贝吉塔星毁灭只剩下12年。“多多利亚先生，听说赛亚人的贝吉塔王正忙着造反呢，你觉得我该怎么处理？”弗利萨将酒杯递给旁边的侍从，饶有兴
楚汉争鼎,寂寞剑客,历史,2012-12-27 12:28,绰号“屠夫”的解放军老兵于一场边境冲突中牺牲，灵魂穿越到了楚汉相争的年代，并且成了项羽的堂弟项庄。此时，楚汉之争已经进入尾声，项羽已经穷途末路。垓下之战，十万楚军灰飞烟灭，项羽乌江
剑傲重生,蒙白,玄幻,2013-12-25 14:29,一代剑神风子岳以剑入道，突破先天境界。一剑西来，天下俯首，但他一生之中际遇悲惨，亲人离散，虽然无敌，却也有着无边的遗憾。偶然机会，他得到了一部能够一窥更高武学境界的秘笈《太玄感应篇
史上第一混搭,张小花,都市,2013-03-20 21:39,人家穿越，我还是只能被穿越人家泡妞，我还是只能被妞……在我的龙门客栈里，我接待了老槐树精、女鬼、神兽混血儿、冒牌茅山道士等人，发生了一连串让人忍俊不禁的故事本书恶搞气氛浓重，修真、
都市神话,马上将军,都市,2011-12-08 08:06,【本故事都是真人真事，绝对没有胡编乱造，真的！】——BY马上将军（眼神镇定ing）平生只修善缘，匆匆不是神仙。若要忙里偷闲，我有生命之泉如果有一天，你拥有了一个神奇的war3生命之
仙河风暴,快餐店,仙侠,2013-02-23 15:03,少年徐玄是修界底层卑微的炼体凡士。一次意外……他融合前世逆天强者的记忆，通过不懈努力，打开绚丽宏大的修行大门。体修，一个曾被视为“炮灰”的修行方式，当它真正的力量和古老底蕴，被发掘
超级仙医,五志,仙侠,2018-04-11 20:00,他，是雍城大学校医院的菜鸟校医，刚刚毕业踏入社会；他，是医术精湛、活人无数的仙医，中西医，无所不精；两个反差极大的身份出现在同一个人的身上，将会碰撞出怎样的火花？被老妈逼着相亲的女
中国猎人,步枪,军事,2018-03-19 14:30,【枪团荣誉出品】代号107！捍卫陆军老大哥的地位！隶属文化宣传队，但枪法一流，杀人放火样样精通，我们有另外一个名字——猎人突击队！从小兵到军中最年轻的将军，从特种部队横跨到空中突击
重生于康熙末年,雁九,历史,2012-06-27 14:31,一梦醒来，面对三百年前的江宁织造曹府。康熙渐老，大变将生；九龙张目，蓄势待起。不知几家繁华似锦，几家大厦将倾，江南曹家盛极而衰。为了亲人，为了自己，重生的曹颙认真地生活着……《大明
穿入聊斋,南朝陈,仙侠,2018-04-23 10:08,穿入到一个光怪陆离的聊斋世界，妖孽丛生，群魔乱舞，魑魅魍魉尽出。恰我心张狂，仗剑破红尘；正气浩然，下笔如有神！——庄生梦蝶，蓦然回首，人间道，妖魔道，我自行我道！%%%%%%%%%
星界游民,晨星LL,科幻,2018-02-28 23:23,星河时代，地球联邦与奥术帝国的战争，最终以两个世界的毁灭落下了帷幕。“星环时代”号舰长江枫乘坐的逃生舱，意外穿越了次元壁垒，跃迁到了一片陌生的星域，成为了地球联邦的唯一幸存者。原本
仙府之缘,百里玺,仙侠,2017-11-06 15:20,叶晨是武国一名平民少年，无意间得到一副《仙府》古画卷轴，从此踏上修仙之路。这座神奇的仙府内，有一头小青狐，一座木屋，一亩药圃，一座炼丹阁，一座炼器阁.....。沧海桑田，世间万变，
我在末世有套房,晨星LL,科幻,2018-02-28 23:25,核战之后的末世，到处都是一片狼藉。如果你一不小心活了下来，那么接下来你将不得不面对饥饿与疾病的恐惧，一到夜晚就会发狂的丧尸，还有那些因辐射而变得奇形怪状的异种...然而对江晨来说，
修神,风起闲云,仙侠,2016-05-10 13:20,有着建筑名师与盗墓者双重职业的楚逸，在祖传宝珠的引领下，来到了玄元星，一颗修真者掌控的星球。不甘平凡的他，从卑微的矿工做起，为的只是一线踏足修真路的机会……无上玄阳吾称尊，不修真仙
长生不死,观棋,仙侠,2012-06-11 21:49,凡人篇：为求长生，图谋天下！我钟山，要建立无上天朝，收集天下气运，冲刷己身业障，至此迎抗天威，开天辟地，长生不死。一命二运三风水四积阴德五功名！为了长生。修功名者，建立天朝收集天下
召唤圣剑,西贝猫,游戏,2015-01-23 16:34,这是一个混乱的年代，黑暗的阴影吞噬万物在烈火与死亡中挣扎，绝望与虚无笼罩大陆现实与幻想的界限变的模糊，当那一点星光闪耀在夜空中时能否改变这灭亡的命运，重新唤回那失落的的荣耀？罗德曾
大唐小郎中,沐轶,历史,2012-02-04 21:51,一个中医院的小药剂师，意外穿越来到开国之初的大唐，成了一家小药铺的小郎中。开药铺的父亲医术平平，老母慈爱而怯弱，姐姐泼辣护短。药铺濒临倒闭，一家人生活十分艰难。年边了，锅里只有混着
异界生活助理神,李仲道,玄幻,2018-04-05 09:53,身体、精神力、意识、心，在这样的一个“十字体系”上，方天漫漫前行。从魔法学徒，到法师，到大魔法师，到圣域，乃至于神域。前世的经历，渐渐化为今生的资粮，今生的努力，一点点走向那传说中
疯巫妖的实验日志,愤怒的松鼠,游戏,2017-01-02 17:50,这是个疯狂的巫妖，带着游戏系统，祸害整个世界的故事。“看下本日的日常……又是这坑爹的两选一，毁灭任意一座三万人以上的城镇，奖励10000点邪恶点数。抢三个小朋友的棒棒糖，奖励1点。
网游之射破苍穹,龙大人,游戏,2012-09-06 11:37,这是一个很‘射’的故事。这是一段传奇……
明朝伪君子,贼眉鼠眼,历史,2014-10-05 08:00,孝宗皇帝中兴大明，正德小子荒唐浪荡，士子激昂空谈江山，厂卫番尉如虎如狼。机会与危机并存的年代里，大明盛世的熙攘中，一个名叫秦堪的年轻人，吹皱了一池春水。当他以风度翩翩的优雅姿态为非
仙葫,流浪的蛤蟆,仙侠,2011-02-20 12:23,千般法术，无穷大道，我只问一句，可得长生么？
升邪,豆子惹的祸,仙侠,2015-04-14 01:04,九天之前，太阳落下后再没有升起。第十天，苏景名动四方。
环保大师,割鹿,都市,2018-05-10 05:26,林寒，一个年轻的护林员，偶然间获得了与地球意志沟通的能力。从此，他受雇于地球，作为地球意志的唯一代理人，为了全世界的环保大业而不懈奋斗。他可以提供最精确的天气预报、天灾预警；他可以
龙王的女婿,龙王的贤婿,都市,2012-01-24 19:50,不小心吞掉“薄荷糖”，就成为龙王的女婿……龙王是集团大BOSS，未婚妻是一颗小辣椒，众位长老……虎视眈眈……呃，这个世界真危险……
变身超毒舌少女,松子不吃糖,二次元,2018-03-27 10:31,1.人活着就为了……2.在这物欲横流，人心冷漠的世界，只有这又白又软的？？还有一点温度3.这个世界有中子、原子、质子，以及…………总结：文抄、搞事、装逼、日常、咸鱼、欢乐、毒舌、卖
庆余年,猫腻,历史,2009-04-29 21:49,积善之家，必有余庆，留余庆，留余庆，忽遇恩人；幸娘亲，幸娘亲，积得阴功。劝人生，济困扶穷……而谁可知，人生于世，上承余庆，终究却是要自己做出道路抉择，正是所谓岔枝发：东风携云雨，幼
带着系统穿时空,梦中捉刀人,仙侠,2018-02-22 22:06,公元1639年，崇祯十二年。这一年，张献忠在谷城再次反叛明廷。这一年，李自成从商洛山中率数千人马杀出。这一年，皇太极在关外磨刀，意图席卷中原。这一年，大明王朝在风雨飘摇当中，一步一
重生铸梦,银色纪念币,都市,2017-11-09 19:35,带着十几年的经历和先知，赵泽君一头扎回2001年。**************************新书已发欢迎围观《超神幼稚园》你以为幼稚园都是小盆友？那你就错了！见过36D的
巫界术士,文抄公,奇幻,2016-04-17 15:15,雷林带着智脑穿越，成为一名贵族身份的巫师学徒，通过利用自身优势，学习成为巫师，获得术士的传承，走上血脉的道路，在神秘诡异的巫师世界进行一系列探险，最后获得永恒的故事。有关更新：每天
蜀山旁门之祖,玉爪俊,仙侠,2013-09-02 17:47,钟元新生了，在一个可以修行成仙的世界里。而且，他很轻松就拜入了仙家门庭，可是，他还没来得及兴奋就发现，这个世界是蜀山。蜀山本也没什么，毕竟他很熟悉，悲催的是，他的师祖是红发老祖。红
我仍未知晓变身的原因,高山侃流水,二次元,2017-11-30 20:15,悲催大学生谢冠歆正准备和女朋友完成人生神圣的第一次时，意外变身成女身……于是，一段离奇而又搞笑的旅程开始了……
极品辅助系统,隐为者,玄幻,2017-12-15 00:15,当寻常武者还在苦苦修炼争取突破时，有了辅助系统的卫小天，已经杀怪虐人得经验，轻松升级到飞起！当普通丹师还在为如何炼制完美丹药而苦恼吗？有了辅助系统的卫小天，已经可以谈笑间施展天地烘
神魔供应商,何处不染尘,玄幻,2018-03-04 21:49,我种下一颗种子，收获无数的果实…回忆着歌词，江太玄看了看自己的药田，用力把嫦娥摁了进去。“来年，我要收获无数嫦娥！”专业种植，培养，租借，出售，回收一切神魔，一条龙服务。骚年，想成
重生之笑看风云起,落寞的蚂蚁,都市,2011-08-18 10:44,新书已上传，奸妄抽奖系统，不同以往的系统流小说，跟着蚂蚁一起嗨起来，欢迎大家收藏，推荐，留言！新书已上传，奸妄抽奖系统，不同以往的系统流小说，跟着蚂蚁一起嗨起来，欢迎大家收藏，推荐
文长的逆袭,静水流真,历史,2017-10-05 19:05,魏延，字文长。蜀国大将，诸葛亮去世后冤死。一个穿越回去想做孔明的人，意外的穿越到了孔明去世那年的魏延身上。是按照历史挂掉还是绝境求生，请关注本部小说。笔者谨以此作品，向不久前仙逝的
极品修真强少,鱼人二代,都市,2016-06-08 20:01,被赶出家族的修真纨绔成为未婚妻的贴身男佣！呆萌表妹，清纯校花，热辣女贼，美女侠客全都找我干啥？我再强，也应付不了你们啊，我还得修真呢！（鱼宝宝书友1群333702438）
生物炼金手记,真费事,都市,2018-05-10 13:30,新书《异度冲击》已经上传！——————鹿角、虎眼、马齿、牛耳、蛇身、鲤鱼鳞、虎掌、鹰爪、泥鳅尾于一体为龙；狮头、鹿角，虎眼、麋身、龙鳞，牛尾就于一体为麒麟；鸿前、鳞后、蛇颈、鱼尾、
网游之剧毒,黑乎乎的老妖,游戏,2016-11-10 15:52,这是一个意外地被捧为高手的胖子，为了保持所谓的高手形象，不得不开始装逼的故事…………………………继《网游之最强房东》后，本人的第二本书，欢迎收藏养肥。另：对本书主角不喜，请勿入，谢
晋汉奇侠传,锏川,武侠,2017-10-21 06:00,五代中后期，中原王朝战乱不断。北方的契丹逐年南侵，晋国江山大厦将倾。本书主人公就在这种环境下逐渐成长。他本为儒家弟子，为人谦虚、知礼，却被时代的浪潮推向武林，经过一番世事的周折，最
道法虚空,山春秀,仙侠,2017-11-30 10:55,本书小完结，莫慌莫慌，好多坑都会填的，当然，是在新书之中。本书只是穿越一下，现在流行穿越，你懂得。新书《带着神机闯诸界》已经开始上传，请各位多收藏多投票！
韩娱之天王,呓语痴人,都市,2014-06-19 20:42,新书已经上传，《韩娱之勋》，车位里也有推荐，希望大家能够多多支持~~另外，《天王》完结了，拜托大家投一下完本满意票，很重要！！谢谢。
宠物魔术师,大爱先生,都市,2014-06-21 14:54,一个普通的魔术业余爱好者得到了来自未来的生物制造器，于是命运即发生了翻天覆地的变化！“老板，想要养只宠物吗？”“有藏獒吗，我要纯种的？”“当然有，我这儿的藏獒都是纯种的，而且种类齐
妖弓,明月夜色,玄幻,2012-02-11 00:02,这是一个属于妖弓手的故事。一个另类的职业，一个另类的传奇……他没有高人一等的天赋，他没有震慑人心的霸王风范，他所拥有的只是一颗与众不同的妖丹。天才？我不是天才，因为我是天才终结者，
精灵之沙暴天王,红音也,二次元,2018-04-23 17:57,新书砂隐之最强技师已上传，求支持。“华蓝道馆，金黄道馆，红莲道馆长期不务正业绩效差评，年底考核不通过，剥夺道馆资格！”“丰缘地区天王来挑战我了？没空！我还要去月见山打击火箭队。”关
绝品天医,叶天南,都市,2015-09-17 22:23,高中毕业旅行途中，因为意外而被逮入特战小队做随队医生的江源，在全队全军覆没，剩下他一人无路可逃之后，带着小队抢到的神秘物品自爆了，但是他醒来之后，却发现自己带着一个怪异的纹身，奇迹
未来宠物店,维斯特帕列,科幻,2018-04-10 15:09,开了个宠物店，第一天却收到了只熊猫！这是什么鬼？救命，我不想坐牢啊！书友群：99343033
无限归来之超级警察,勿明,都市,2017-01-05 21:37,这是一个从无限世界归来的故事……这是一个退隐刺客改行当差佬的故事……这是一个传奇的故事……
拣宝,烛,都市,2013-12-09 21:43,别人打眼的时候，他在拣漏；别人拣漏的时候，他却在拣宝！商鼎周彝、和璧隋珠、战国错金玉带钩；秦俑汉陶、晋帖唐画、宋瓷缂丝漆器秀；竹木牙角、花梨紫檀，包罗万象在手中。一枚如意金钱，造就
巫师世界,滚开,玄幻,2013-09-21 13:36,穿越到异世界成为普通的小家族子弟，带着具有分析能力的生物芯片开始强大之旅.....书友qq群：209242950(已满)（对不住，之前是少了个0.....）书友群2：2092424
修神外传,小段探花,仙侠,2017-11-01 00:21,"神图合，惊雷鸣，禁地动，仙府出！仙道茫茫路何方？神迹隐,隐为何？天道无情人有情，万般欲念阻长生！内念无忧经，外练天雷身，独闯三洲四海，勇战妖魔鬼怪！手拿五行如意通天棍，扫荡妖魔无可"
殖装,铅笔刀,科幻,2015-04-05 00:02,当机甲过时，新的单兵武装出现的时候，战争有了新的模式。传统的军团在绝对的个体力量面前变得苍白而无力。新的生存法则就出现了。X35行星，末世历275年。一个少年在废墟中走出了他的第一
一言通天,黑弦,仙侠,2018-04-01 15:45,有一天，铁树开花，春芽冬发。有一年，大河倒转，漫天白鸦。有一世，善恶不辨，一生绝险。有一人，凭此一言，笑傲天下。他说天有九重，地有八荒，我欲七界争雄，不求六道栖身，我曾夺人五谷，也
狂仙,陈风笑,仙侠,2018-01-21 13:24,职场版：一个刚进公司的新人，如何在老员工的打压下生存和发展。励志版：一个离乡的小农民工，如何靠着双手适应并融入城市生活。电商版：一个刚出道的小掌柜，如何在林立的店铺中打下一片天地。
炼金狂潮,蓝领笑笑生,玄幻,2012-02-19 08:00,上一辈子我普通惯了，这一辈子投胎，我要找一个最有权有势有钱的人家！我要成为一个败家子！一个有权力有势力有金钱的败家子，嗯，最好还要有点狗腿子！！我要挥霍，我要败家！！【我要让世界面
东京道士,明月子时,仙侠,2017-08-20 15:32,天上白玉京，十二楼五城。仙人抚我顶，结发受长生。吕洞宾弟子重生，成为日本东京都一名十六岁的普通高中生。为求长生，隐身于芸芸众生之中，再度体验人间百态、滚滚红尘。数百年稳固的道心，究
大宋好屠夫,祝家大郎,历史,2018-02-01 10:15,《诗与刀》，已签约上传，必不失望。郑智穿越到了北宋水浒世界，变成了那个被鲁提辖三拳打死的镇关西、郑屠户。北宋末年，战乱四起，群雄逐鹿，华夏式微。正是英雄用武之地。水浒情仇，善恶忠奸
我的时空穿梭手机,金色茉莉花,科幻,2018-03-14 17:28,当安阳发现自己买的手机被调包了之后，他一开始是拒绝的，当他发现这部手机可以带他穿越无尽的时空，电影、电视剧、小说、游戏……他再也无法拒绝了！人生自此开始转变。时空穿梭普通群（一）号
玄天邪尊,乌山云雨,玄幻,2012-04-22 08:11,九天神雷淬体，天地法则在身，阴阳涅盘称霸，玄天真经独尊！神秘的石头，诡异的丹田，强悍无比的神功，让重生异世的他，获得常人难以企及的修炼天赋，一路高歌猛进！且看他，如何踏上武道巅峰，
仗剑高歌,踏雪真人,仙侠,2012-01-17 01:17,挥剑决浮云，高歌啸星河。修者如蚁的时代，仗剑高歌。已完本两本书，《无限杀路》、《网游之神经过敏》，人品有保证，请大家放心阅读，绝不会中途入宫。QQ群2879381513342252
少女契约之书,放开那只女王,科幻,2013-04-04 19:51,与二次元的美少女们签订契约，然后一起征服世界！傲娇强气的超电磁炮御坂美琴！天才魔术师红色恶魔远坂凛！吸血鬼真祖暗之福音依文洁琳！最终血统之七煌宝树蕾芙莉！蓝焰梵尽恶世的重炮者黑岩射
废土,黑天魔神,科幻,2012-05-24 00:10,对于病毒，你可以畏惧、退缩，结果只能是被感染后变成怪物。如果把生死抛之脑后，你会发现，病毒同样也能屈服于你的意志。它会让你变得更强，让你能够吞噬一切，控制一切，掌握一切，让你成为真
剑道真解,滚开,都市,2012-07-14 17:00,一个因为妹妹异能者身份，而导致牵连被杀的普通青年，重生到平行空间的自己身上开始的新的人生。一个真正的反派boss成长之路。前世平凡而无力反抗，今世却是等待重现那一刻的扭转。另剑道真
贼警,虾写,都市,2018-02-14 22:56,面对团伙化，境外化，高智商化犯罪袭击和报复，重案七组几近解散。左罗临危受命成为七组组长，以水逆计划招募苏诚，精诚合作，取长补短，重建七组辉煌。但作为不法之徒的苏诚会真心帮助左罗吗？
网游之重生法神,木牛流猫,游戏,2011-10-16 18:48,在我最绝望的那一刻，命运给了我一份赠礼。对命运而言，这或许只是一个无关重要的小玩笑，却让我有了改变一生的希望。曾经失去的，我会重新取回！给我灾难的，我会百倍奉还！当一切卷土重来，我
锻仙,新兵扛老枪,仙侠,2016-03-08 17:49,魂失异界，本应灰飞烟灭之人，却为一颗奇异之心所引，附灵身踏上修道业途。斩峰峦，劈叠障，翩翩少年欲成仙。他该如何求解证道，走出一条独一无二的补天之路！（我的新书《魔傀》将与五月一号正
大唐盗帅,盗帅二代,历史,2012-05-15 00:24,盗帅楚留香的隔代弟子杜长天无意间触动了中华瑰宝“传国玉玺”的神秘力量，致使穿越到了大唐王朝，来到了贞观年间，且成为了名相杜如晦的儿子。在这史上最繁华的时代，杜长天凭借后世知识创办新
不朽丹神,胜己,仙侠,2013-04-04 18:03,九州十大丹道大师最巅峰存在，炼化九州第一神器虚空阴阳鼎意外被十三道虚空阴阳劫干掉，却也因为这九州第一神器真正秘密而重生，但是没想到的是，竟然重生在了一个号称云歌城四大害之首，云歌城
系统供应商,凿砚,玄幻,2018-01-15 11:15,被废材逆袭，你是否屈辱？成为天才的垫脚石，你是否悲愤？身为出场两集就挂的炮灰，你是否不甘？不用担心，一切有我！身为诸天万界唯一的系统供应商，我可以为你量身定制各种随身系统，让你从此
黑卡,萧瑟良,都市,2018-04-02 10:10,一张神秘的黑卡，每周都会发放不同的额度，石磊必须在一周时间内将所有额度消费完毕，否则，将迎接黑卡的惩罚。“花钱真的是个体力活……”——石磊如是说。“先定一个小目标，比方说先花掉它一
北宋小厨师,南希北庆,历史,2015-08-17 15:37,身为一家超五星级酒店首席大厨的李奇，因为喝了点小酒，竟然奇迹般的穿越到了北宋末年。来到这个无亲无故的陌生世界，无奈之下，李奇只好抄起了老本行，在汴京一家即将贱卖的酒楼做起了厨师。李
神医圣手,小小羽,都市,2013-07-26 21:07,他是名医，也是神医。就算是死神盯着的人，有他在，死神也要乖乖绕道而行。只要你相信他，你的任何疾病都不在是问题。这就是张阳，一个被称为上帝使者的人，一个有点张扬，但很可爱的人！
神级商城系统,这波666,科幻,2017-10-14 10:38,夏大的物理系天才林落雨意外得到了一件来自未来的商城系统，这个系统里面有论坛版块，直播平台，交易板块等板块，林落雨从论坛里面看到了许多未来的高科技论文，同时他还能够用星空币购买很多不
极品小农场,名窑,都市,2017-12-24 10:30,喧嚣的城市，抛弃浮躁的立足之地，踏上异国他乡，做个悠哉小农民。喝啤酒，做小菜，吃牛羊烧烤，在小池塘养鱼，三五鱼虾，来一锅鲜美汤。春有百花姹紫嫣红，秋有明月皓皓长空，夏有绿荫凉风拂面
门派养成日志,玄晴,游戏,2011-12-30 10:37,重生之后当掌门，打造修真界最强门派！秦川在玩一个经营策略类游戏《修真掌门人》的时候遭遇意外，重生成为一个修真小派的掌门人。门派内部：建筑破败，功法错漏，无钱无粮，仅有的几个门人皆是
弑天刃,小刀锋利,玄幻,2017-05-09 18:26,江湖无道，拔刀而起，利刃横空，问心无愧。众生无道，刀锋弑之。冷眼星空，持刀睥睨。通天大道，一路荆棘，一刀斩开，唯我独尊！
韩娱之心里的声音,鹤城风月,都市,2018-03-09 21:28,人的一生，或生的伟大，或死的光荣。当他回首过去的光阴时，可以自豪地说，我的一生并没有虚度。因为……净TMD倒霉了。金泰浩，你给我出来！现在你不是我的PD了，我也不是你的木偶了。你给
明朝好丈夫,上山打老虎额,历史,2013-05-08 23:49,有知识、有文化、会治病、会杀人。很热血、很邪恶，很强大，很牛叉。我是锦衣卫，我是赘婿，我是天子亲军，我是太子教父。我就是我，一个好丈夫，一个好权臣，正德一朝，因我而多姿，因我而精彩
太上章,徐公子胜治,玄幻,2017-05-30 04:29,遂古之初，谁传道之？
城堡之心,慎独行,奇幻,2013-02-23 23:08,被浓雾隔离的莱恩子爵领，无数次的魔物攻城战，一名年轻的骑士侍从在初次遭遇恶魔的战斗中身受重伤，昏迷三天后才醒来，这昏迷的三天成为小侍从走向辉煌英雄之路的起点，因为谁也不知道，他的心
至尊箭神,EK巧克力,玄幻,2016-06-12 12:40,叶星意外来至星辰大陆，大脑融合超脑，开始一段传奇星辰大陆，无魔法，无斗气！武者吸收星辰之力，强化已身，震慑天地，破碎星空，踏灭乾坤！剑气纵横九霄，刀气撕裂苍穹，宝枪一刺，星辰崩碎，
三界血歌,血红,仙侠,2015-07-06 14:57,万界源泉，万法根源。人性本恶，故以酷法约束之。恶法如枷锁，阻我归家途，阻我飞天路。当以诸生之血，化血为刀，斩碎枷锁，得大逍遥。
梦醒细无声,第十个名字,都市,2018-03-28 15:26,《重生潜入梦》《南宋不咳嗽》完本作品，和本书人物也有相关，可以一起看。书友订阅群137118014由终点回到原点，洪涛又回到了他第一次重生前的时代，不过失去了三次重生穿越的所有记忆
锦医卫,猫跳,历史,2013-06-14 01:32,法医回明，执掌锦衣，破案缉凶，审阴断阳，只手扶四百州河山，扬帆渡十万里海疆……神目如电，洞彻幽冥地狱，宝剑生光，诛尽魑魅魍魉！
大泼猴,甲鱼不是龟,仙侠,2018-01-15 09:50,这个世界上总有那么一些人，他们英勇无畏，固执，乃至偏执，不羁，骄傲，而又狂妄。即使到了绝境，他们也绝不妥协。宁愿死，也不愿输。PS：本书电视连续剧已在准备中，欢迎关注：甲鱼官方微信
大明妖孽,冰临神下,历史,2018-02-11 09:33,天上有神，世上何以妖孽横行？天上无神，心中何以疑惑重重？明朝成化年间，号称“狐生鬼养”的一群锦衣校尉，奉命在无神的世界里寻找真神，在有限的生命里寻找长生之道。
未来世界超级星联网络,秒速九光年,科幻,2015-03-16 13:00,互联网？没那么简单，这是将整个宇宙连接在一起，前所未有的超级星联网络！未来世界？没那么简单，黑暗势力早已经蔓延到宇宙每一个角落!从地球到遥远的星河彼岸，黑暗就像一头危险的猛兽，虎视
无尽丹田,横扫天涯,玄幻,2017-08-24 14:57,重生后的聂云幸运地拥有了能够改变丹田数量的法诀，别人用一个丹田修炼，你用十个，百个！
超级电能,怕冷的火焰,都市,2012-07-24 23:55,钟昊同学在偶然之下得到了来自异星域的超级科技产品——灵能心核。灵能心核拥有着强化身体细胞的特殊能力，人体之内拥有着两百多种不同种类的细胞，比如说，大脑细胞的强化可以让大脑思维变的更
神典,撞破南墙,玄幻,2012-08-02 14:16,若人生如棋，我愿为卒，漫漫征途，谁曾见我后退半步。
超级能源强国,志鸟村,都市,2014-05-06 04:23,1987年的大学生，包分配，做公务员易如反掌。2012年的大学生，烂大街，毕业即失业。穿越成为1987年的北大生，苏城终于享受到了天之骄子的待遇。宝洁公司，松下电器之类的世界五百强
重生之网络娱乐,天下第一白,都市,2016-05-15 19:54,"重生回到2000年。QQ有了一个山寨版本，他的名字叫TT。韩国再也不是网络游戏出口大国，而是进口大国。当然，现在的网络YY小说当中，将出现一位名叫""陈佳一""的大神。"
仙界归来,静夜寄思,都市,2017-10-31 18:18,仙界一代通天巨擘魂飞魄散，一缕魂魄回归到地球上原本的身体之中，唐修惊讶地发现仙界过去了一万年，地球上才过去了一年时间。书友QQ群：19428617欢迎兄弟姐妹们关注静夜寄思微信公众
逆伐星河,试剑天涯,玄幻,2017-08-05 18:39,这是一个被科技玩坏的、崩坏的星空：金刚不坏什么的弱爆了，我可以变身钢铁之躯、变身机械战士、甚至星际战舰。神话传说太小气了，看我操控的引力，星球都能捏爆。潘多拉算什么，我能操控病毒，
庶子风流,上山打老虎额,历史,2017-06-14 23:41,本是个平凡少年，意外得到光脑，一朝回到大明正德年间，成为士绅家族的一个私生子。聘为妻、奔为妾，老爹居然是和娘私奔才生下的自己，生母身份卑微，作为庶子，叶春秋誓要活出一个精彩的人生。
明扬天下,何昊远,历史,2015-07-06 20:40,崇祯十六年，一个真正的乱世：如雨的马蹄，如雷的呐喊，如注的热血。中原慈母的白发，江南春闺的遥望，湖湘稚儿的夜哭。故乡柳荫下的诀别，将军圆睁的怒目，猎猎于朔风中的军旗。一阵烟尘又一阵
春秋霸途,青铜剑客,历史,2018-03-02 10:44,现代人方离穿越到“春秋大陆”，获得召唤异能，率三国群英决战春秋战国名将。诸葛亮、周瑜、司马懿同朝为官，曹操、刘备、孙策共聚一堂，四大都督，五虎上将、五子良将并肩作战，同赴沙场。齐楚
怪厨,田十,都市,2017-06-01 11:10,白路在一个神奇的监狱长大，学会许多古怪本领。更得到神传厨道，拥有绝世厨艺。机缘巧合，来到首都开店，从此世上有了一间古怪的饭店，多了一个古怪的厨师，发生了许多古怪的事情。怪厨白路。
大力美漫行,我的小泰迪,科幻,2018-04-07 18:02,人名大力，拳名大力。托尼斯塔克：即使穿着反浩克铠甲，我也不想和王大力交手，那简直是自杀。雷神托尔：相信我，即使是神，也不会想尝尝大力的拳头的。尼克弗瑞：那个叫做王大力的家伙，其实是
晚明,柯山梦,历史,2014-03-28 08:30,明朝末年，北国狼烟横卷，尸骨山积；江南小桥流水，歌舞升平。朝代末世的内忧外患之中，腹黑办公室主任强势崛起，吹响华夏最后的号角。真英雄，改天命。残酷惨烈的古代战争，真实的明代市井，一
紫府仙缘,百里玺,仙侠,2017-11-06 15:15,一个饥荒年代为了果腹而离乡的少年，从采药开始走向修真，炼药、尝毒草、试药……在这个饿殍满地的世道，如同杂草般顽强的生存了下来。修真、炼气、筑基、结丹、元婴，一边在仙侠世界里修真采药
求败,乘风御剑,玄幻,2012-02-12 12:31,“剑境有三，身剑，气剑，意剑！身剑者，以身合剑，身即为剑，气剑者，以气御剑，气冲星霄！意剑者，剑与意合，执剑通灵！我平生宏愿，是为凭借手中之剑，败尽天下，将剑之一道证遍诸天万界，彼
文娱大佬的自我养成,半纸情书0,都市,2018-04-20 16:16,系统：叮！宿主配置过低，勉强启动成功……赵谦：“我有句麻麦皮不但要讲，还要砸你脸上！”要的就是日更十万字，吊打各位大神，碾压各种不服！断更？不存在的！总之，这是一个文娱大佬自我养成
剑逆苍穹,EK巧克力,玄幻,2017-06-02 11:07,剑道天才，强势崛起，终成一代剑神！一指诛神皆寂灭，我以我剑逆苍穹！－－－－－－－－－－－－－－－－－
魔神乐园,熊狼狗,玄幻,2017-08-10 09:28,剑扫神州七日夜，纵横星空九万里。上斩圣佛，下斩妖魔，扫尽心中不平事。
春秋我为王,七月新番,历史,2018-01-05 00:11,新书《秦吏》已发，求收藏。重生春秋，成为卿族庶子，被赶到马厩与牛马为伴，谁知霸业竟由此奠定，三家分晋算什么？且看我赵氏代晋！老子乘牛西行，仲尼意气风发，吴越相争美人离殇。渭水之畔，
俗人重生记,辛老五,都市,2018-04-01 18:03,下单员付正义。挥舞着银行本票被视为‘野蛮人’的付正义。这是一个前世因为债务而堕落、颓废的男人的故事。这是一个想要让身边所有女人都幸福的男人的故事。这是一个想要挽回前世所有遗憾的男人
三国之召唤猛将,青铜剑客,历史,2017-07-25 16:46,关公战秦琼，我看行！穿越成被废的汉少帝刘辨，开始了艰难的三国历程。没地盘没兵马没人才，又有什么关系，我有超级召唤系统，历史猛将任我差遣！别给我提虎牢关三英战吕布，我给你召唤个武悼天
星际传承,吴杰超,科幻,2016-07-19 18:05,在虫族、生化兽和辐射的威胁下，移动都市成为了人类最后的净土……新书《破法之眼》，求支持
宋时行,庚新,历史,2013-05-13 23:48,宣和六年，来到东京汴梁城！距离靖康之耻尚有两年，玉尹站在五丈河畔，茫然不知所措。东京梦华，真邪？幻邪？大厦将倾前的醉生梦死，市井之中繁花似锦……玉尹在这个即将崩毁的世界里，蹒跚而行
奸臣,府天,历史,2013-07-05 09:41,一次荒谬的失足，好容易报却前仇的徐勋却落入了五百年前的大明中兴盛世。时值天下升平，金陵妩媚，京城雄浑，歌不尽秦淮声，舞不完淮扬曲，盛世的祥和下，忠良满地走，蚁民不如狗，他这一介孤儿
进入电影,青幕山,科幻,2018-04-01 13:54,仰躺于黑湖畔，风吹起霍格沃兹的柳树；漫步纽约街头，复仇者与机械军团争锋；东胜神州之巅，紫霞仙子绽放无邪微笑；——————————————————通俗版本：你想看一场电影，还是进入电
史上第一暴君,冥域天使,仙侠,2012-11-28 16:59,当皇帝，还要当长生不死的皇帝！***************************时有士人评：帝亲小人而远贤臣。帝残暴，屠城逾百。帝荒淫，远胜商纣夏桀。帝独断专行，不纳良谏！……
重生之商霸两界,520农民,都市,2018-05-01 00:05,当可以任意穿梭到一个异界之后，莫墨知道属于自己的时代来临了！在地球，他是一个妖孽，纵横都市塑传奇人生；在异界，他倒卖天下，发展工商业，建造自己的超级现代化城市！**********
战神领主,木牛流猫,游戏,2017-03-26 12:46,旗帜在燃烧，人们在哀嚎，鲜血在流淌，死亡在绽放。熟悉的一幕幕，重新在陌生的世界里上演着。为了阻止那一切，为了树立心中那面信仰的旗帜。肖恩，带着那不属于这个世界的记忆，踏上了一条与前
宅师,烛,都市,2015-06-12 14:59,宅，不仅是生活，更是一种境界！阴宅阳宅，青乌堪舆，上仰观天象，下俯察地理，中参人和，把握天地变化之玄奥至理，预知福祸吉凶。其中不仅有价值万金，常人梦寐以求的风水法器，另外还有可遇而
神荒龙帝,妖月夜,玄幻,2017-10-06 11:43,一滴龙血，可压碎山河，一根龙骨，可撕裂苍穹，一双龙眸，可看穿古今！在这里，有女帝君临天下！有古兽只手遮天！有大魔祸乱天地，也有人族先贤镇压八荒！少年凌飞身怀龙骨，崛起于微末，闯神荒
许仙志,说梦者,仙侠,2012-05-20 12:09,许仙：“不能再做拖累娘子的小白脸了，要做带给所有人幸福的小白脸之王。”————————————————将人兽进行到底！哦不，是将人妖进行到底。新书上传，《大圣传》，重新开始，不一样
觅仙路,何不语,仙侠,2012-11-22 21:52,一介书生，无意中来到异界，从此踏上修仙路，成为一名资质普通但向道之心甚坚的修仙者。修仙路上，奇遇多多，危险重重；周围人物繁杂种种，时而阴险毒辣，时而真挚多情……
重生之超级战舰,彩虹之门,科幻,2014-12-23 12:31,这是一本描述主角在星河宇宙之中不断历险，不断强大的硬科幻小说……新书《地球纪元》已发布，大家可以点击一下上方“作者信息”四个字，就可以看到新书链接了，求票求收藏！新书《地球纪元》已
暗影街,暗黑茄子,科幻,2011-11-22 17:56,新书《恶魔篇章》上传，书号2273357，新书期间，大家多多支持！==============================精于计算的李卫，因为一张黄皮纸，来到了一个奇幻的世界，
重生之逆战西游,莫问初心,仙侠,2018-03-30 11:16,在这个浩大的神魔世界里，他一个卑微渺小，蝼蚁一般的人物，面对这神通广大的诸天神佛与妖魔，最后又该何去何从?（PS:特此说明:此书是新人作者所作，非洪荒，不喜勿喷，喷之也望请下口轻一
都市藏真,疯神狂想,都市,2016-11-06 16:00,新书《宇宙最强矿工》发布了。十年前的一段缘分，让他获得了一件至宝，并且让他变得不再平凡。玄元控水旗，天地五行旗之一，让他具有了控水神通，并且过目不忘。现代毕竟已经不是武力称雄的年代
大明王侯,贼眉鼠眼,历史,2011-10-14 10:02,入赘商户的女婿没出息吗？穿越者萧凡就是个很明显的反例。大明洪武二十九年，朱元璋老迈，皇太孙孱弱，燕王蠢蠢欲动。这一年，萧凡来了。天下风云因他而涌动。（本书顺利完本，新书《明朝伪君子
极品明君,晴了,历史,2012-10-17 09:11,“我们不能放弃我们的职责，我们是专业的斗士，我们要与皇帝抗争到底。”专业斗鸡大队大明文官集团唾沫星子横飞地如是说道。“这帮子傻冒，老子两根手指头玩死他们，他们交给我。你们专斗外敌就
超级进化者,剑游太虚,科幻,2011-09-30 17:59,一张黑色卡片让林辰来到了奇幻的世界，这里有无穷无尽的任务去做，《侏罗纪公园》，《星河战队》，《变形金刚》，《风云》，从刚开始的一级新人，到左右世界的超级战士，林辰正在开始他的神话！
悠闲修道人生,钓鱼1哥,仙侠,2018-02-26 18:29,罗天旺在河里游泳的时候，意外获得古龟甲，获得仙缘。懵懂少年开始一段神奇的修仙之旅。老鱼的第三本修道类小说，敬请关注！
埃提亚,上帝不在天堂,游戏,2015-07-01 00:08,这是一个真实又虚幻的世界，在这里虚幻和真实之间没有界限。所有的一切都是真实的印刻在你的灵魂里，只是这些印刻依然是虚幻的。虚拟实境游戏《埃提亚》，一个存在于虚拟当中最真实的世界。公历
史上最强圣子,东方不悔,玄幻,2017-10-02 20:22,大道三千，何处通天！无垠莽荒，无疆古国，一块天命神石出现，世界掀起波澜。
异界之无所不能,继续倔强,玄幻,2011-05-27 12:00,当今世界里最牛叉网络游戏——永恒世界里的最牛叉的玩家，在属性重新分配的时候，穿越到最牛叉的异界。魔武双修未开发！生活职业全保留！炼药，宗师！种树，宗师！打铁，宗师！裁缝？唔，根据美
无敌兑换,开心小帅,科幻,2012-02-02 09:27,李亚林中奖了！他成了某大神的继承人，拥有了兑换游戏中的技能，血统，职业，道具的能力，还拥有了创造动漫或者游戏中的人物的能力，又拥有了选择动漫副本的能力，不过最可气的是这家伙居然还有
神偷化身,蚕茧里的牛,都市,2012-07-31 04:45,新书《武极天下》已发，书页有直通车，求收藏、求推荐票。人生最痛苦的是什么？人生最幸福的是什么？最痛苦的是历经千辛万苦，眼看就要牛逼了，却一夜回到解放前。最幸福的是回到解放前后，啥事
剑与魔法与出租车,索斯,奇幻,2017-12-31 18:00,黑云压顶、电蛇乱舞，天地之威压得巨龙都抬不起头，只有没心没肺的巫妖还能看看天空。一道金黄色的光芒撕裂穹顶，空间乱流如同裹挟着刀锋的龙卷，狂暴地扯开穹顶，打开了晶壁的通道。一个巴掌大
钢铁王座,风月,科幻,2012-09-14 19:36,无限世界，无限的征途，无限的杀戮。双目失明的白朔因为意外踏入无限空间之中，从此命悬一线，步步杀机。想要活下去，就必须用刀和剑证明自己的强大。从此游走在生死之间体会恐怖，在杀戮之中寻
全方位幻想,如倾如诉,科幻,2016-10-01 12:10,新书出炉！书名：《直死无限》！直通车：http://book.qidian.com/info/1004837400希望友友们支持！
极品乡村生活,名窑,都市,2013-12-13 23:09,看个流星，砸破头，无缘无故成为有房有地小农民，吃穿不愁，找老婆，撵狗抓鸡，烧条鱼，逗娃娃，野菜也香甜，没事瞅瞅那啥美女，生活淡淡乡村。有限与世无争，生活惬意乡村小宅男。………………
超级电力强国,给您添蘑菇啦,都市,2018-03-19 19:07,一度电，可以让节能灯发光100小时，笔记本电脑开机10小时，采煤27千克，生产15瓶啤酒，创造10元的GDP。那么，60000亿度呢？这是一个电工重生的故事，有关电的故事。
巨星从业者,君王带笑,都市,2018-03-12 15:02,他是霍去病，是展昭，是唐钰小宝，是剑客，是时代小青年，是厂花，是冷血杀手，是温情大叔，是无畏战士，是仙帝，他他他……他不是变态，他也不是分裂，他只是一个演员！
酒神,唐家三少,奇幻,2010-11-28 07:00,国际巅峰调酒大师、品酒大师，有酒神之称的李解冻，为了品尝出土的汉代美酒而醉死于而立之年。当他一觉醒来时，却发现自己来到了一个名叫五行大陆的世界，变成了一个叫做姬动的小乞丐。在这里，
风水大术士,精品香烟,都市,2018-03-20 10:26,【《风水大相师》续集】山、医、相、命、卜玄学五术。养气、观气、定气、乘气、修气、问气，风水六大境界！秦风重生回到数十年前，凭借着前世的记忆，弥补曾经的遗憾，一步一步的走上了术士的巅
最强黑客,顾大石,都市,2012-08-07 13:14,一个超级黑客，重头再来，变成一个小黑客。曾经黑客界排行榜上的NO.1，重生成为大一新生。一个小黑客自由驰骋网络，成为真正网络之神。
我的女友是丧尸,黑暗荔枝,科幻,2015-07-01 14:37,当灾难真的爆发了，凌默才知道末日电影中所描绘的那种丧尸，其实和现实中的一点都不一样……原本到了末世最该干的事情就是求生，但从凌默将自己的女友从废弃的公交车里捡回来的那一刻起，他的人
重任,曲封,都市,2016-01-29 00:01,看一个小小的列车员是如何登上权力颠峰的
新功夫之王,龙山小米,都市,2012-07-18 20:43,携手李小龙，打造功夫片王朝。
逍遥仙门,流星醉寂寞,仙侠,2018-04-04 15:36,独饮千杯醉不倒，御剑一飞临九霄。笑看漫漫红尘路，上天入地任逍遥！-一个腹黑男带着游戏中的天赋技能-超级分身，穿越到一个名叫中州大陆的修仙界，看江宁顶着两个身份，如何演绎风骚的修仙人
他从末世来,竹茶,都市,2016-07-10 11:21,他来自末日世界，死后来到地球华国，附身一个叫云落的青年。他活了二百三十七年……云落二十三岁。他不想当英雄，只想娶妻生子，平淡的过完这一生。他或许就在我们身边，安静的路过。
北宋闲王,北冥老鱼,历史,2016-04-15 10:42,闲王非贤王，赵颜穿越成为北宋英宗的第三子，本来声名狼藉的他也没什么争名夺利的心思，一心想要做一个清闲的王爷，喝着小酒、品着美食，身边再有几个美女相伴就更完美了。但是做为一个后世人，
混沌雷修,写字板,仙侠,2011-11-22 14:06,一个在门派里被欺负的小胖子，依靠亡故父母遗留的法宝，修炼出绝世混沌五行雷术，逐渐崛起江湖。癸水神雷，丙火神雷，乙木神雷，戊土神雷，庚金神雷，小五行混元神雷，大五行灭绝神雷，紫宵神雷
剑道独神,六道沉沦,玄幻,2016-01-12 11:19,剑者，当有锋芒。宁折不屈，宁断不弯，不屈不饶，无所畏惧，任何一切阻碍一切抵挡，都无需犹豫无需多虑。相信你手中之剑，仅凭你手中之剑，披荆斩棘勇往直前，直达剑道彼岸踏上神坛！谨以此书，
奋斗在晚明,一袖乾坤,历史,2018-03-11 13:32,中外乂安，海内殷阜，纪纲法度，莫不修明。御倭寇，整吏治，一条鞭，万历六年的大明一副欣欣向荣之态。然而按照历史的进程大明帝国将不可避免的走向落日余晖......然天不亡明，本不属于这
惊门,徐公子胜治,都市,2014-05-21 14:38,成天乐，人如其名；年过二十、一事无成，却成天乐呵呵一副没心没肺的样子。他游荡到苏州混吃混住，却误打误撞、稀里糊涂获得了妖修法诀传承，等回过神来，就似打开了世间一扇惊奇之门。原来在我
纯阳,荆柯守,仙侠,2013-06-24 07:30,死亡之神入侵仙道大千世界，掌握死亡法则，形成埋骨之地，步步紧逼万千修士，赶赴外域，与神争战苍茫大地，谁是正统，谁掌纯阳给一个我的读者群：83516090
时代巨擘,百刹,都市,2018-04-09 01:57,遮天公司，一手遮天！穿越1973年，和世界首富比尔·盖茨成为哈佛大学同学！“盖茨，跟哥一起辍学吧，咱们把微软公司建立起来，哥以后带你去纳斯达克敲钟！！！”穿越1973年，和乔布斯成
仙人俗世生活录,断桥残雪,仙侠,2012-02-14 11:02,沦落世俗，才发现这个世界的悲欢喜乐是那么的让人心动留恋，才发现这个世界的菜肉包子也比仙界的龙肝凤髓更能挑起淡忘的食欲，才发现“蝼蚁们”创造了一个无比神奇的文明世界……..当生活久了
球场教父,猪头七,体育,2018-04-01 12:16,这是一个关于追求胜利的故事。“你们只需要牢记一点，在这里，我才是最重要的人！”李昂霸气十足，主教练的权威不容挑战，这是所有的人都必须认识到的。有的人讨厌他，有的人疯狂崇拜他。我是李
天枢,徐公子胜治,玄幻,2012-05-12 16:58,如果说上帝创造了人间，那么是谁创造了上帝？阿蒙站在古老的神像遗迹前，听一位老者对过往的行人讲述久远的阿蒙神传说。没有人知道，这默默无语的年轻人就是阿蒙，眼前倒卧沙丘中残缺不全的遗迹
皇族,高月,历史,2012-04-30 11:42,他，地位卑微的庶子，身世神秘的少年，十年商战的强者，淡泊名利的懒人。前世孑然一身，无所依傍；今生名门皇族，娇妻满堂。王朝风云，五龙夺嫡，朝堂争斗，诡异惊心，他一介懒人，又该何去何从
高山牧场,醛石,都市,2013-07-12 17:20,平凡的都市入门级小白领无意间得到一个神奇的珠子，给他的生活带来巨大的改变，混到美帝内部，开牧场，改良牛马，养点猛兽，伴着蓝天，雪山，还有青翠的草场，没事赶赶牛，打打猎，骑骑马，悠闲
都市大仙君,沧月傲天,都市,2017-04-19 12:42,九天仙界第一仙君偶得仙界第一至宝混沌珠，炼化混沌珠之时遭到仙帝昊天重兵围剿，神魂魄散，重生都市，附身纨绔。塞北徐家一朝败落，父亲莫名而亡，爷爷失踪，自己又遭未婚妻陷害，面临牢狱之灾
太浩,无极书虫,仙侠,2016-05-20 20:58,太浩者，天也。大道坎坷，仙路崎岖，因少时的一场仙缘梦游大千，少年踏上修道寻真的求道之路。海有多深，唯鲲鱼可知；天有多高，唯鹏鸟可明，世界有多大，唯我群星皓天万界。扶摇直上九万里，气
元气少年,张君宝,都市,2018-01-05 10:46,平庸弱懦的学生宋保军，意外开启三十二重人格，成为全能少年，走向人生巅峰！
学霸的科技帝国,三胖,都市,2018-04-29 16:01,【推荐胖子的新书《学霸》，点开作者名即可看到，超牛逼的学霸文。】他是华夏最闪耀的天才，也是最懒最悠闲的天才！他一分钟几千万上下，却更喜欢背上行囊说走就走。他拥有庞大的科技帝国，却总
最轮回,王袍,都市,2011-06-29 23:58,第一世，也是他能够保存记忆和能力的开始。身为第一御医的他，由于误吞下为嘉靖皇帝炼制的一颗不死丹药，而被赐死。他本以为，死亡，就是结束。却没想到，这只是一个新的开始！第二世，他出生在
醉迷红楼,屋外风吹凉,历史,2017-11-15 10:54,一醉入红楼，庶子可成龙。十二金陵梦，扶摇霸业中。作者群：三七九，三零三，零七六
道藏美利坚,半仙算命,都市,2016-03-16 10:32,新书《补习之王》已经发布了，希望兄弟们一如既往的去支持我！半仙鞠躬感谢了！他是出色的中医，专医西方人束手无策的疑难杂症；他是低调的道士，专收异灵和美白的灵魂；他是混在美国的财产继承
法师奥义,月中阴,奇幻,2017-05-09 15:22,只要能够构建一个稳定的法术模型，任何人都可以成为法师！这就是法师的终极奥义！穿越成为贵族之子，带着前世的超级量子计算机，法术模型信手拈来……
神级反派,野山黑猪,科幻,2016-08-15 08:48,飞雪连天射白鹿，笑书神侠倚碧鸳，寻秦大唐仙剑传，水浒西游三国志，哈利指环海盗船，雷神钢铁与复联，英雄美色竞妖娆，奈何大反派驾到！杜预穿了，自带神级反派属性【狼顾狷狂】！各种神坑爹：
网游之代练传说,大烟缸,游戏,2013-06-26 09:18,大力是一个能力平庸知识有限的底层代练员，穿越到五年前的游戏初期也只想混的比前世好一些，死搬攻略的他频频失误，阴差阳错之下奇遇连连笑料百出。本书穿越者争霸，女尊争霸，高富帅争霸，纨绔
穿梭时空的商人,上善若无水,历史,2015-08-31 17:01,在人生最低谷的时候，高阳得到了改变命运的机会。高阳没有犹豫紧紧的抓住了它！通过在俩个时空间的物资交换，高阳成了有钱人改变了自己和家人的平淡生活。“最想要什么？”高阳笑了笑说道“我不
我的目标是冠军,红豆儿啊,游戏,2018-03-10 13:29,新书《绝地之传奇归来》拜求大家支持，点个收藏给个推荐票，谢谢大家了！....AD，是一种信仰。C是一份承诺。自从微笑将carry的责任赋予了AD这个位置，那么，我的责任就是将ADC
明朝谋生手册,府天,历史,2017-02-06 15:34,家有良田百来亩，也算殷实小地主。奈何年方十四却突然被人叫爹，刚得手的功名眼看又要飞了，小秀才汪孚林表示压力山大。汪氏家训第一条：万恶淫为首，百善孝为先。隆万之交，世风奢靡，风月浮华
毁灭之眼,人勿玩人,科幻,2013-04-06 21:12,在二十倍重力的星球生存的人类拥有怎么样的破坏力。一，他的速度在正常重力下，将超过音速。二，他可以随手举起一辆汽车。三，坚韧的皮肤和强悍的肉体，他可以不惧普通子弹的攻击。鲁雅人，一个
草清,草上匪,历史,2013-04-11 00:08,"穿清不造反,菊花套电钻从2012回到1712，能做而且只能做的一件事是什么呢？造反！理由么，不解释！枪炮，科学，信仰，文明。打破盛世神话，剪掉有形无形的辫子，让遮蔽上天的乌云尽皆消"
动画世界大冒险,穷四,科幻,2018-03-27 08:35,买了个国产动画片故事合订本，邱明发现能穿越到经典国产动画片的故事世界。而这个世界，并不是你知道的那样。神仙、妖怪，蛇精、狐女，统统都有着另外一面。三个和尚竟然各怀神通，初见哪吒还是
重生之玩物人生,尝谕,都市,2011-01-31 19:49,重活了。花鸟鱼虫，瓷器陶器，书法字画，翡翠赌石，明清家具，梳妆饰品，古代钱币，烟标海报……从此，我的古玩人生华丽地开始了。…………
暗黑之骷髅王,红莲公爵,游戏,2012-12-31 20:00,穿越到《暗黑破坏神》的世界里，可是陈锋身为死灵法师，却只有召唤骷髅一个技能。不过，陈锋的技能可以变异。召唤变异骷髅，召唤精英骷髅！召唤首领骷髅，召唤领主骷髅！如果等级够了，我连巨龙
天下经纶,衣冠似雪,玄幻,2012-08-04 00:00,一个现代人的灵魂在重生之后，偶然发现，自己携身带至的《正气歌》竟然在这个世界上是无上修儒宝典。修得浩然正气，震散千里邪魂。
天地霸气诀,我丑到灵魂深处,玄幻,2016-07-13 18:16,肉体丹田储藏玄气，不如以天地为丹田，海纳玄气一步步，走上强者之路！
幽暗主宰,西贝猫,游戏,2016-10-17 15:07,因为一场意外，使得詹恩来到异界，重生为魔王之子。在这深远的幽暗地域，他成为了地下城之主，魔王的继承者。但是，黑暗中的危险不止于此。同样对于魔王之位虎视眈眈的魔族，还有潜伏在地底深处
全能闲人,光暗之心,都市,2017-04-04 20:20,我无所不能，却没有改变世界、拯救人类的伟大志向和节操，只求偷得浮生半日闲，享尽人间清福......这是一种境界，一种人生哲学、一门高深的学问......同学，乃们就慢慢的悟吧。曾经
无上仙魔,骑猪南下,仙侠,2016-03-11 00:00,“人体有大药，可以成大道，九死求一生，九转无上法！”——新书《仙武至圣》已发布，下面有传送门，求支持。
星辰变,我吃西红柿,仙侠,2017-09-21 10:23,一名孩童，天生无法修炼内功。为了得到父亲的重视关注，他毅然选择了修炼痛苦艰难的外功。春去秋来，时光如梭，这个孩童长大了……变成了一名青年，真正改变他的命运，是一颗流星化作的神秘晶石
兴宋,赤虎,历史,2012-03-31 18:40,这是最好的时代，这是最坏的时代；这是智慧的时代，这是愚蠢的时代；这是创造的时期，这是毁灭的时期；这是光明的季节，这是黑暗的季节……但总的来说，这还是个最好的时代。身处于这个灿烂的时
食仙,神圣智狼,仙侠,2014-10-06 12:52,庖刀司命，剁妖断鬼。瓮中奥妙，亦能证道。掌中乾坤，两般天地。财侣法地，诸般皆得。千年传承的金牌厨师苏择，是一个现代的修真者。在一次网友聚会时，他居然捡到一个异界？！从此修真不用愁，
网游之近战法师,蝴蝶蓝,游戏,2011-02-28 17:02,"一个超级武者,在玩网游时误选了法师,习惯以暴制暴,以力降力的他,只能将错就错,摇身一变,成为一个近战暴力法师,当力量与法术完美结合时,一条新的游戏之路,被他打开了!火球术？闪电链？"
网游之最强房东,黑乎乎的老妖,游戏,2016-11-10 15:54,新书《网游之剧毒》已经上传，下方有直通车，欢迎大家收藏养肥！话说猪肉又涨价了说……
山沟书画家,忘三川,都市,2018-04-23 21:35,历代书画大师教课授业，身负国术振兴重任。笔法千古不易，失传至今，神人九势重现。山沟无名小辈化身书画大师的传奇人生，将由我来亲自书写！书友群：458448029
重生之百将图,月鼠,玄幻,2012-11-21 11:39,三流建筑大学毕业的他因为偷看美女编辑洗澡，悲催的被雷劈的灵魂穿越，在穿越的同时，一本百将名录发生了异变，成为了一本通灵之书，拥有召唤地球上一百名名将的能力，开始了自己波澜壮阔的异界
锋行天下,静物JW,体育,2018-03-25 12:41,从前，有个叫乔丹的家伙，开启了后卫盛世。现在，有个污法污天的张茣，他要让联盟进入新的前锋时代。华山论贱，污绝前锋——他，才是真正的张两万！QQ群：208080578。新书已发——重
重生大玩家,邱天27,都市,2015-03-21 13:24,少年侠义，英雄史诗。让世界沉迷于中国风的电子游戏。王不负的穿越，带来的是所有玩家的重生。_____________________________________________这
英雄信条,相思洗红豆,玄幻,2017-12-15 13:45,厄运酒馆的女妖老板果然是个善解人意的好人，一杯‘午夜’灌下肚后，唐顿开始抱怨，为什么我这个圣殿骑士，要带着一群黑暗阵营的部下？“偶尔冒充下死亡骑士，说不定还能见到遗忘者女王！”女老
武极宗师,风消逝,玄幻,2017-12-25 17:59,当今时代，武道崛起。一个平民，得到神秘的属性异能，平凡庸碌的人生就此改变，向着浩瀚星空，一步步前行。“我叫方成，我大器不晚成！”全订VIP群：639211398书友读者群：6489
将血,河边草,历史,2015-10-15 07:45,"君不见,汉终军,弱冠系虏请长缨君不见,班定远,绝域轻骑催战云!男儿应是重危行,岂让儒冠误此生?况乃国危若累卵,羽檄争驰无少停!赵石的一生，注定是在杀戮和鲜血中前行。北至翰漠，南及丛"
异世医仙,汉宝,玄幻,2014-04-20 23:10,最强修真者，被数以千计修真者围攻，最终转世异世。对方云来说，没有治不好的病，只要你能付出相应的代价。他炼制出来的丹药可以垄断整个漠北，他炼制的低级法宝更是被奉为神器。大魔法师向他请
化星,青翼蝠王,玄幻,2012-10-10 09:56,一方手印蕴含的玄奥，在一寒门少年体内演化重生。……不迷信天才，不畏惧权贵，我自有一柄长枪演化流星意境；万印金莲上的神秘符纹，却正是开启天地法则的唯一之途；粹炼星辰之力，演化体内金乌
从岛主到国王,符宝,都市,2016-07-09 22:24,经营海岛，将海岛变成国家！大海纵横，大海是他的乐园，海底有无数沉船宝藏，......！加勒比海盗的宝藏，南中国海古代海上丝绸之路，地中海威尼斯商人的沉船宝藏，波罗的海维京海盗的沉船
唐朝小地主,烛,历史,2011-10-20 20:39,穿越唐朝，小地主的奋斗史。
唯我独法,志鸟村,科幻,2012-09-03 13:46,人在都市却有魔法傍身，穿梭于世界角落，决不让任何人左右。这是一个21世纪的普通城市，世家出身的陈易却遭遇了不同寻常的一刻，他发现了一列能够通向魔法世界的地铁。从此，各种魔法卷轴，各
灵罗戒,夜·水寒,玄幻,2011-11-20 17:48,大毅力，走上强者之路！一步一步，踏上最强掌控者！
湛蓝徽章,Deathstate,奇幻,2011-08-24 21:05,【2017新书《道门入侵》已上传！！！一个道士伪装成魔法师，入侵异界的故事。扫荡人间，踏平神国】魔法师的存在，是为了洞悉这个世界的真实。萨林·梅塔特林，一个普通的魔法师，最初，他只
很纯很暧昧,鱼人二代,都市,2013-04-29 21:01,杨明是一名普通的学生，某一天，他收到一份礼物，一只神奇的眼镜，从此生活变得丰富多彩。（鱼宝宝书友1群333702438）
平凡的超级英雄,青天大佬爷,科幻,2018-03-08 00:00,查理斯是一个非常随遇而安的人，被穿越到漫威后管着一家小店铺继续得过且过。尼克:这个世界需要更多英雄。查理斯随手给他一个战术目镜，“原价1000万，给你打个八折，你给个900万就好。
万界永仙,石三,仙侠,2013-08-09 17:33,天地灾变，万千流星降世，三尊巨大无比的狰狞石人降临在莲花台村的后山之中。平凡的少年孙立，无意之间得到这三尊石人，自此之后，便总有声音在他脑海之中不断的说着莫名其妙的话语……带着石人
大鉴定师,冰火阑珊,都市,2016-06-01 13:38,一位古玩店的学徒，意外之中获得了鉴定系统，有了鉴定大千世界万物的能力。古玩捡漏，无所不能，最终由学徒成为一代大收藏家。冰火新书《神奇宠物店》已经发布，请各位老大推荐收藏，养肥再杀。
神座,皇甫奇,玄幻,2014-04-03 00:01,传说天地之中有一张神座，谁拥有它，就拥有无穷无尽的寿命和天地间最至高无上的权势，它是天地间所有强者征战的最终宿命。通往神座道路上，白骨累累，鲜血成洋。神座无主，然而只有最强大的存在
武碎虚空,油炸包子,玄幻,2011-07-05 12:01,武道之路万法归一，只为求得破碎虚空，白日飞升。但武者万千，天赋各有不同——有的擅长修炼，一日打坐，顶的上旁人百日之功；有的擅长火焰，天生便能操控自然之火；更有甚者，天赋绝伦，能在战
无限恐怖,zhttty,科幻,2009-01-03 22:18,主人无限恐怖公郑吒自从失去了自己最亲密的青梅竹马后，对这种反复而又无聊的现代生活已经感到十分的厌倦。正在这时，他发现电脑屏幕上弹出了一段信息：“想明白生命的意义吗？想真正的……活着
御妖至尊,蛊真人,玄幻,2012-10-25 18:01,在这片神奇的世界中，人们身负仙囊，驭养妖兽，驾御妖兵，培育妖植，以攀登驭妖师的极道境界为荣。赤蛟、玄鹤、墨麒麟、血夜蝠、奎牛、天狐、青鸾、火凤、金鹏……无数的妖兽，天上地下，海底山
网游之重生最强,非风非云,游戏,2011-08-21 23:51,重生了，脑袋里只有些副本攻略、快速升级攻略、隐藏任务大全之类的东西，在现实做预言师是没指望了，继续躲在游戏里混日子吧！带着重生十年的记忆，再加上少许的勤奋与魄力，易辰一改前世的默默
苍穹龙骑,华表,玄幻,2016-07-10 23:57,十万年前的荣耀正在被世人渐渐遗忘。背负神秘命运从地球归来的空战王牌再铸龙骑士的辉煌。谦卑、荣誉、牺牲、英勇、怜悯、精神、诚实、公正！无论是黑夜降临，还是太阳升起，巨龙的咆哮响彻天际
都市极品风水师,白马神,都市,2013-05-28 09:27,凭借着能感应气场的混沌气团，罗定成为了风水大师和法器鉴定大师。趋吉避凶、化煞生旺、招财进宝……这些在常人眼中神奥莫测的事情在罗定的手中不过是翻掌之易。正所谓：一双慧眼鉴尽天下风水；
文艺生活,薪越,都市,2017-08-27 23:29,生活有两大误区：一是生活给人看，二是看别人生活。要想不踏入误区，就要活出真实的自己。这是一个文艺青年在平行世界撒欢奔跑的故事。
超时空垃圾站,小城古道,都市,2018-04-14 23:49,苏璟大学毕业后，处处碰壁，心灰意冷，回老家调整心情。却发现自家后院，成了超时空垃圾站，每天都有大量垃圾汇入其中，有的来自神墓、斗破苍穹、盘龙等小说时空；有的来自海贼王、火影、死神等
妙手天师,炖肉大锅菜,都市,2013-08-26 09:38,萧煜，一个不喜欢医术，却从小跟随外公学医。除了把外公传授的东西背过，却从没有医过人。不喜欢医术，却上的医科大学，在大学成绩永远是倒数前三。不喜欢医术，毕业后为生活所迫，不得不当了个
超神建模师,零下九十度,科幻,2017-08-19 15:26,"源能降临，凶兽纵横，超能力丛生。苏浩只是一名掌握了低级源能""模型分析""的普通高三学生，然而，当他在脑海中建立出人物模型，分析出对方能力之后，一股狂热的念头在脑海中回荡，如果他建立出"
重生之歌坛传奇,渡木桥,都市,2015-06-09 12:31,一场车祸，让他拥有了另外一个世界自己的记忆，脑海中多了无数经典的歌曲。“他因‘新锐女生’而崛起，但‘新锐女生’却因他而传世，他是唯一一个因为女生选秀节目而成名的男生！”“这是一个奇
大学士,衣山尽,历史,2011-04-09 17:10,明朝的那些风花雪月。古代的那些饮食男女。四百年前的官场生态。一个穿越到嘉靖朝的年轻人。
大宋的最强纨绔子弟,灰头小宝2,历史,2017-11-06 22:03,睁开眼睛身在北宋，成为了大奸臣高太尉的儿子，幸福生活就此展开……~~~新书《北宋最强大少爷》上传了，请大家移步新书支持群号：180324695
死人经,冰临神下,武侠,2016-04-18 18:48,一本死人经，半部无道书。斩尽千人头，啖吞百身骨。
重生之娱乐星光,傅啸尘,都市,2011-08-15 18:54,本人新书《武神空间》希望大家多多支持！他是网络盛传的传说哥，一夜爆红，引领时尚的流行风向。他是娱乐圈冉冉升起的巨星，《大汉天子2》，《宝莲灯》《仙剑奇侠传》，《恶作剧之吻》《鹿鼎记
神墓,辰东,玄幻,2016-11-01 13:55,一个死去万载岁月的平凡青年从远古神墓中复活而出……
大汉帝国,殷扬,历史,2011-04-18 13:40,说强盛，必是汉与唐！汉朝是空前强盛的王朝，唐朝是让人着迷的梦幻王朝，其强盛景象合称“汉唐气象”。“犯强汉者，虽远必诛”，是汉朝雄风的最好写照！汉武大帝击破强横的匈奴，收复百越之地，
亡灵法师末世行,六道沉沦,科幻,2012-11-27 11:54,2012年，不是病毒爆发生化危机，也不是太阳风暴陷入黑暗，更不是冰川融化水泽成国，而是：恶魔降临生灵涂炭。这，是一个获得亡灵魔法传承的宅男末世生存之路。
隐杀,愤怒的香蕉,都市,2011-07-01 09:52,谢谢馒头同学提供的书友群（邪恶者同好会）：32632289（已满）由kIsS铭同学提供的隐杀二群（ｃJ的香蕉）：20137707隐杀高V群：43237511（香蕉船）（高V会员加入
都市之最强纨绔,左耳思念,都市,2016-08-04 11:43,五百年后国家培养出来的超级人才，在一次执行任务中身亡，灵魂穿越附身在了一名患有惊恐症的大家族少爷身上，从此开始了他牛掰的人生，商业、医疗等多个领域都能看到他的身影，凡是他涉及的领域
女装大佬,月下行人,二次元,2018-04-09 20:25,这是一个男生，穿越之后的悲剧故事。你见过一个系统会发布‘换上女式超短裙，进行一场直播’的要求吗？你见过一个系统会发布‘换上六厘米高跟，跳上一段极乐净土跟威风堂堂’的任务吗？……苏林
重生花果山,咆哮的苹果,仙侠,2012-02-17 09:03,一觉醒来，孙袁发现整个世界都变了，他发现自己成了一只猴子。重生成了一只猴子该怎么办？重生成了花果山上的一只猴子该怎么办？重生成了一只见证了孙悟空出世的花果山猴子又该怎么办？茫茫西游
老师请留步,旅心僧,都市,2017-11-19 17:46,作为学渣一枚的陆沅可没想过，自己竟然有一天会咸鱼翻身。
黑暗大纪元,妖仙公子,科幻,2018-04-02 14:33,末日降临，拉开了一场地球人类黑暗血腥的进化纪元。这一世，秦天戈发誓要做那星空百族最强者！一个个恐怖的人类禁区，人类踏入必死？开玩笑，这一世看我踏平那些禁区，改造成人类的后花园！星空
电影世界大抽奖,熊猫胖大,科幻,2018-03-15 15:18,稀里糊涂的，左小右得到了一块手表。这手表不简单，竟然拥有穿梭电影世界的能力。每完成一次电影世界的任务，就可以进行一次大抽奖。抽奖种类是刚刚经历过的电影世界中的一件物品、一种能力、若
纨绔毒医,晨光路西法,都市,2016-06-01 08:00,身为曾经站在云端俯视众生的修真者，来到一个陌生的世界，萧强应该怎么做？纨绔修真，毒行天下萧强要在这片都市的土地上，打下一片属于自己的的江山！
抗战之中国远征军,远征士兵,军事,2018-03-06 22:10,历史没有如果。但是如果历史有如果……如果中国的第一次远征没有失败，那将会发生什么？缅甸、中途岛、瓜达尔卡纳尔岛、硫磺岛、冲绳岛……史迪威说：“小伙子们，我将带着你们一路打到东京去！
网游之青城剑仙,太湖霸王,游戏,2013-01-09 22:51,仙人抚我顶，结发受长生。这是亦真亦幻的仙侠游戏，一个青城弟子在彼岸的世界中仗剑前行的故事。没有重生，有的是勇气和智慧的碰撞；没有先知，有的是技术与谋略的相交。
史上最强导演,胖子骑肥牛,都市,2017-12-18 15:58,“韩导又出新电影了？，那必须得看啊，不然我就和时代脱节了”——一位普通的观众。“今年的奥斯卡已经颁给韩秋导演了，不过我们现在已经在定制明年的奥斯卡最佳导演的奖杯了，名字嘛，还是刻韩
星级猎人,陈词懒调,科幻,2013-05-10 10:54,宇宙，这片无尽的星空，是每个猎人的梦想。对于奔行于星际之中的猎人而言，只有宇宙才是他们的极限。宇宙有极限吗？极限又在哪里？身为影子猎人的少年西林在意外获得诡异芯片之后，开始踏入这一
黑客,青幕山,都市,2015-08-01 20:05,世界巅峰级黑客石磊，因为偷窥世界最强国的军事实弹演习，并且企图窃取对方各项技术资料，最终被同伙出卖，遭导弹轰击身亡。上天跟他开了一个玩笑，让他重生回到六年前，回到那个大学的初秋。拥
魔师,瑞根,玄幻,2016-03-18 22:45,冷眼睥睨皆乌有，一剑光寒十四州！崩坏将倾的天道乱世，且看一个懵懂独行的少年如何谱写一段铿锵热血的传奇史诗！充满生活气息的修仙画卷，波谲云诡的生存情仇，激荡昂扬的铁血恩怨，再现一个真
会穿越的外交官,昨夜大雨,科幻,2017-08-09 16:17,从小立志做一名外交官，完成妈妈的遗愿。突然得到穿越系统，接到的第一个任务竟然是“杀死一个鬼子兵”，可获得系统奖励。看一个满身技能的外交官，如何玩转世界。大雨新书发布《位面之纨绔生涯
道友请留步,吾为清风,仙侠,2011-12-24 10:05,新书《洪荒之巫乱封神》，望诸位道友支持，收藏+推荐票，感激不尽！
公子风流,上山打老虎额,历史,2015-06-07 13:10,穿越成了一个败家大少爷，知风月、懂风情，不会弹琴却会谈情。不幸成了天子亲军，成了锦衣卫，好吧，压力很大，良心什么的暂时收起，抄起家伙指鹿为马才是本职工作。“飞鱼服、绣春刀加诸于身之
帝国雄心,天空之承,历史,2017-10-23 14:41,穿越到了二战德国，却只是个小小的伞兵中尉，没背景、没靠山，难道要随历史大流在不列颠吃鳖、去克里特挨揍、到俄国挨冻、蹲诺曼底挨炸？不，壮志雄心今犹在，何惧身后留骂名。从军事菜鸟到战争
地球游戏场,吉风冰,科幻,2013-05-20 09:40,2012年12月21日！世界分割成无数的战场。张风，默默无闻的一名学生，获得独有的天赋——打怪掉落高等装备几率增加百分之三十！为了生存，为了父母，他战生化、屠巨龙，一步步迈向宇宙战
资本大唐,北冥老鱼,历史,2016-04-15 10:44,资本主义与殖民主义是一对双胞胎，殖民主义的诞生又必然伴随着奴隶贸易的兴起！某个丧尽天良的大唐第一资本家语。穿越成为太宗李世民最不喜欢的儿子李愔，本想借着皇子的身份泡几个大唐美女，然
万妖之祖,孤独漂流,仙侠,2017-08-23 17:05,"[新书是最需要支持的时候,不管是看书还是路过的朋友,希望能在本书登陆一下,点击左边‘加入书架‘,找到推荐的位置,多推荐几次,每一票,都是对我的一点鼓励.漂流在这里敬谢了.]前世为人"
丹武乾坤,火树嘎嘎,玄幻,2013-08-28 11:51,【起点正版】天赋再高，也怕丹药！只要丹药炼得好，没有天才打不倒！隐世丹门的唯一弟子秦凡，最年轻最天才的炼丹师，从灵药贫乏的地球穿越到遍地灵药但炼丹师却极其稀少的武者世界。自此，他的
神牧师,明月夜色,玄幻,2010-12-12 19:50,一个靠着低保生活的倒霉鬼，赶上世界末日穿越到一个新的世界，并发现自己竟然将自己游戏之中的牧师能力带到了这个世界之中，而这个世界之中却没有牧师这个职业……在这个世界之中，一个掌握着复
横行霸道,踏雪真人,仙侠,2013-04-11 01:02,六道翻腾神鬼怒，九天震荡风雷激。我持本心，不忧、不惑、不惧。横行九天，雄霸六道。____________________________________已完本《网游之神经过敏》、《
唐朝好医生,望平安,历史,2011-06-30 17:18,王平安，现代中医世家的子弟，一次偶然机遇下，他的灵魂穿越到了唐朝，那个中华医学大放光彩，同时开始向世界传播的辉煌时代……－－－－－－－－－－－－－－－中华传统医学博大精深，以阴阳五
大神戒,兔子来了,都市,2016-02-01 18:22,当一枚可以穿梭世界的神戒从天而降，林扬表示不能淡定。汉末三国，一个夜光瓶，你出价千金？一个音乐盒，你当成传家宝？绝世武功，仗剑江湖！倩女幽魂？仙剑奇侠传？西游记？这是要成仙的节奏？
逆行我的1997,白色米饭,都市,2018-04-18 19:28,1997年的李湾。李文秀重生了。获得新生，李文秀再一次用两世为人的目光去审视这个令人既爱又憎的年代，审视这片生养他的土地，还有这片土地上，那些可悲又可赞的人们。然而新生却并不意味着
网游植物师,不是浮云,游戏,2016-03-21 21:53,植物师是苦逼职业，练级没人要？哈！榴莲炸弹树见过没？刷怪神技能，一炸一大片，刷累了还可以调戏BOSS！稀有道具？寄生毛毛球听过没？寄生目标，分解合成稀有道具，看敌人不爽还可以把其任
诸天世界大穿梭,狂奔的海马,科幻,2018-03-03 07:54,一道凭空出现的大门，开启了通往无数世界的道路。影视、小说、动漫、神话……从此胡野在无尽的世界穿梭，也拥有了无限的希望。
穿越从山贼开始,怒笑,游戏,2018-01-31 22:10,当陆海空知道自己穿越到了一个游戏世界的时候他是懵掰的。当然自己所在的这一个国家居然是东汉，而且还是末年的时候，他觉得自己是可以牛掰的。但当他知道官兵马上就要剿了他们这一个山寨的时候
文娱教父,我最白,都市,2017-10-10 16:10,网文至高、纯爱教父、推理大师、童话大王、科幻大神乃至武侠皇帝，别人是文以载道，他却在以文证道！————————————新书《文娱万岁》正在连载！不同的故事，相同的精彩，看完这本书的
傲视天地,高铁,玄幻,2012-01-05 09:00,一位四百岁的天阶高手，重生回到少年时代。别看他现在很弱，但他心中记着无数的神功秘笈，拥有无数次出生入死的对敌经验；别看他现在很穷，但他心中记着无数的珍贵秘方，知道谁会是未来某领域的
浴血兵魂,丑牛1985,军事,2018-01-27 21:41,元灵星球，因为粮食和石油危机，百年未发生大规模战争的各个国家，突然爆发战争，上百亿百姓卷入战争当中，作为地球人胡浩，第二次穿越到了这个星球，本想环游世界，奈何战争爆发。作为列兵，“
星际之死神传奇,金沙流水,科幻,2016-06-22 13:07,他是监狱里的死神！他是军队里的王者！他被所服役的首领儿子忌妒，陷害，天赋被废，成为废物。得到可以吸收死人天赋的逆天小塔，他的希望重新点燃！兄弟的背叛，兄弟的忠诚，茫茫星海，天才林立
随身领取升级礼包,微笑向暖02,玄幻,2012-01-06 22:02,穿越后成为大唐天骄王爷的甄开放得到了不知道哪位大神派送的新手大礼包和升级大礼包。自此以后，地球上少了个默默无闻的白领，斗仙大陆上多了一个拼命修炼，嚣张跋扈的天骄王唐瑾！——————
神级幸运星,辰机唐红豆,都市,2018-01-03 15:01,无意中获得了一枚运气骰子，还穿越到娱乐业匮乏的平行位面，王昊这下牛逼了。运气骰子的六个面分别是“非常倒霉，倒霉，普通，好运，非常好运，神级好运”，每天零点刷新！“不知道今天会是什么
修真归来在都市,陌路行,都市,2017-04-27 11:52,八十年前，尹修为了突破极限，追寻更高境界，踏上了前往遥远的星空彼岸的路途。八十年后，修为瓶颈，意识到心结未了的尹修又从星空彼岸的修真界回到了地球。然而，八十年光阴逝去，地球上早已发
旧日篇章,虚鸣,奇幻,2018-03-03 16:31,吾存在于黑暗之中，消失于明光之下，终将吞噬大日，化为万物的阴影……被人们称为不可名状的黑之恐怖；阴影之王；漆黑之日；世界的阴影的存在，现在还只是一个有点特殊的高中生，正面临着一场诡
星虐,潇疯,玄幻,2013-09-16 23:28,十六岁，刚刚凝聚“星核”的他就一个人杀到R国，单挑了整个邪樱宗，把他们的镇宗之宝《天丛云》拿回家当厨房的切菜刀。十八岁，在欧洲，教廷护教，审判两大骑士团的重重包围下，斩杀了八个圣殿
仙壶农庄,狂奔的海马,都市,2017-12-13 14:03,海马新书，我和神仙做买卖发布啦！郝健难得做件好事，结果却被雷劈了！醒来时发现手机里多了个叫仙界跳蚤市场的APP，人生开始变得不同。神仙的法宝功法想要什么就买什么，没事还能陪玉帝聊聊
死灵术士闯异界,当心枪走火,游戏,2013-08-27 14:56,带着暗黑破坏神中的技能雷奥成为了穿越者大军中的一员。在这个与魔兽世界很是相近的异世里，成为术士的他会经历些什么？当亡灵遇上尸爆术，当死者大军撞上骷髅海……雷奥高呼：神技在手，天下我
逍遥渔夫,醛石,都市,2015-11-25 19:22,贝海，整个东海岸最成功的渔船船长，几年时间就被美国东海岸的渔夫们称为传奇人物。神乎其神的找鱼手段，几乎从不出错的识鱼能力，还有每次出航都让无数渔夫羡慕的渔获。不光是论起重量，论起鱼
不朽神王,犁天,玄幻,2013-12-23 13:07,天地可灭，唯我不灭，此为不朽神王。天才强者任苍穹，大灾之中无力保护家人，带着深深的遗憾和不甘，重生到五年前。前世武道上的障碍，亲情方面的遗憾，唯有用铁拳与热血去重新书写。逆天的强者
网游之三国王者,想枕头的瞌睡,游戏,2014-11-02 22:48,新书《仙界科技》已经发布，请大家多多支持！一款名为《天下》的游戏改变了世界，本来在游戏中混得并不如意的杨天，一觉醒来后却发现自己回到了一年前的游戏开服前十天……谁说历史名将就一定是
植掌大唐,手撕鲈鱼,历史,2018-05-07 11:10,穿越成了终南山中的一个马上要被饿死的小农民，怎么吃饱饭成了要命的问题。好在有了植物改造系统，填饱肚子，发财致富，甚至封妻荫子都不再是问题。没事遛遛宠物，享受下美食，顺便挖一挖世家的
无尽神功,灵隐狐,玄幻,2013-04-22 12:23,一个资质低、悟性差的“真·废柴”武修之路。功法与武者之间存在“契合度”，契合度越高修炼越快，传说契合度达到七分之后，每增加一分，修炼效率加倍！一次意外，杨硕获得查看自己与功法之间的
最终智能,怕冷的火焰,都市,2011-07-31 16:16,一款生产于公元3009年的戒指型智能生物电脑，穿越时空砸在了杜承的头上，强大的智能程序让杜承接触到了未来千年内的高科技知识。——商业、工业、科技，杜承无不遥遥领先，发展未来高科技，
大艺术家,七七家d猫猫,都市,2016-01-02 10:24,他是全球最受瞩目的大明星，他是娱乐圈不务正业第一人，他是好莱坞当红群宠！你可能刚刚看了他今年出演的商业电影，即使是最普通的角色也让人跌破眼镜得出彩；你也可能听了他刚刚发行的专辑，动
超级英雄,蔡晋,都市,2015-12-09 20:26,超级英雄，嗯，没错他就是地球联邦时代唯一的超级英雄。已有完本书籍《极品医圣》484万字《重生世家子》380万字《官路修行》280万字，书荒的兄弟姐妹可以一观，人品保证、信誉出品、放
帝级大明星,孓无我,都市,2017-04-18 15:14,他横扫了国内所有的艺坛奖项。他是第一个华人奥斯卡影帝。他的专辑销量拯救了音乐市场。他的演唱会能在欧美一票难求。他是世界艺坛公认的帝级大明星。他是明星中的明星。千禧年，他回来了，告别
大时代1958,青山铁杉,历史,2017-05-23 11:09,开的新书叫，六万年之后。群号，克格勃对外情报总局，332362665(满了)克格勃国内防谍总局，533461647
超凡者游戏,七尺居士0,游戏,2016-10-17 10:11,这个世界，万千时空无穷位面。竞争！生存！永恒！不朽！无尽的杀戮每时每刻都在进行……从小立志成为一个侦探的肖凌无意中卷入了凌驾于现实的超凡者游戏，他洞察入微，步步算计，局局谋划，掌握
无限打工,兴霸天,科幻,2014-07-01 17:13,何谓轮回？去来往复，犹如车轮的回旋，在各个世界中周而复始，无有不遍，永无休止。无限的世界中，轮回者在无尽的挣扎，徘徊于生和死的边缘，迷茫于对错间的选择，贪婪、自大、淫.欲、愚蠢，种
重启末世,古羲,科幻,2016-09-14 17:35,这是一个活着却死去的世界，这是一个信仰坚定却崩溃的世界，这是一个应有尽有却一无所有的世界；我们渴望救赎，我们希望沉沦，我们冷漠无情，我们疯狂热血，我们强悍如神，我们卑微如蚁……停下
王牌,虾写,都市,2014-11-17 14:56,骗术，不是邪术，而是一种武器。用之于善则正，用之于恶则邪。私家侦探，不是警察，但同样追求真相。当小骗子成为私家侦探，那一切都变了，因为真相不再只有一个。关键不在于真相是什么，而在于
耀武扬威,继续倔强,科幻,2011-10-13 13:11,这是一个崇尚武学的世界，顶尖高手张三丰和杨露蝉创造的内功和招式，让东方武学达到巅峰。进入基因技术和脑域网络不断普及的时代……完全无法修炼内功的江耀扬被一个装满着武学秘笈的书包给砸晕
变身在DC世界,想静静的顿河,二次元,2018-04-14 10:40,（新书已发，变身在漫威世界，质量有保证，欢迎大家阅读！）西娅.奎恩一次意外获得了穿越者的记忆，知道了自己未来的命运。她勇往直前披荆斩棘，学习武艺掌握魔法，立志走到那最高的顶点。闪电
崛起之第三帝国,大罗罗,历史,2017-07-26 11:58,德意志第二帝国的战士在漫长的堑壕中拼尽全力挣扎，不可一世的公海舰队被牢牢困死在威廉港内日益朽坏，美利坚帝国露出了锋利的獠牙准备扑向疲惫的旧大陆，屈辱战败和永世沉沦仿佛就要降临在普鲁
不死武尊,妖月夜,玄幻,2017-12-08 07:25,【完本火书】一个落魄的少年偶得吞天神诀，可吞噬一切天地元气为己用，从此逆天破命，一雪前耻，凭借着神奇的生命武魂，他凝聚不死之身，横扫九天十地，雄霸天下！大家可以加老妖微信公众号，y
高手系统,盛唐刺客,游戏,2011-12-11 10:00,一个普通的宅男穿越后，发现自己身上还携带了一个古怪的系统。高手之路，满是荆棘，可我别无选择！
草根石布衣,中秋月明,都市,2017-08-01 12:53,诸葛亮在《前出师表》里说：“臣本布衣，躬耕于南阳。”天下谋士皆以布衣自谦，这就是退则独善其身，进则兼济天下的布衣精神，千百年来一代代传承。而到了2000年：“职业”“……军师、幕僚
无限之开荒者,倾世大鹏,仙侠,2017-12-31 13:30,武侠世界，灵异世界，仙侠世界，洪荒世界……肖鹏一步一个脚印，向无上天道……进发。……新书《无限之应聘者》已发布，拜求大大们继续支持大鹏。书友交流群：19512950喜欢本书的大大，
数字风暴,格子里的夜晚,科幻,2012-08-28 18:01,战争是大时代最辉煌富丽的舞台，只有真正强大的人才能成为主角。一脚被踹进了战争漩涡的林闻方，坚信自己能活下去，坚信自己能收获更多。最大的依仗就是：他不是一个人。一个强大的人工智能，就
位面成神之虚空戒,闭口禅,科幻,2018-03-15 20:53,一花一世界一叶一菩提，佛说‘一粒沙里有三千大千世界。’辛寒说‘三千大千世界里都有我！’佛说‘你厉害，我服！’感谢起点论坛封面组提供封面！新书《位面之狩猎万界》已发布，求收藏，求推荐
重生之大文豪,别人家的小猫咪,都市,2016-06-07 00:33,重生与地球相似的异界，脑中平白无故多了一个搜索引擎。他写的《陆小凤传奇》、《楚留香传奇》让武侠小说重新焕发新的活力。他写的《福尔摩斯探案集》、《东方快车谋杀案》被众多侦探迷奉为经典
贩罪,三天两觉,都市,2013-01-29 16:00,天才。自闭、孤独、偏执、疯狂。每当时代变迁，逆十字的旗帜由他祭起。成则王侯将相，败则蛆蝇粪秽。平乱世，麾下四方辐辏，钟灵毓秀。隐市井，此生睥睨天下，唯有一人。
唯一男性适格者,哦雷哇刚大木哒,科幻,2011-12-18 18:57,为了对抗不停从异空间出现的未知生物‘使徒’，联邦政府成立了对‘使徒’特别作战部队。特别作战部队全员都是由一些和‘使徒’一样能力的战士组成的，而这些战士的代号名为‘潘多拉’。“神马！
超级训练大师,XX神,体育,2017-04-08 16:04,“年轻人，想成名？老将，想焕发第二春？”“速度不快？身体不强壮？”“受伤了？医生还说会影响职业生涯？”“你就连一点天赋都没有！？”手指一比，“小Case！”只要在万胜手下效力，所有
没事玩修炼,偶遇伤心,都市,2011-08-06 19:39,一个无意练出了念力的家伙，在青山绿水间的写意生活……
神鬼剑士,突然光和热,游戏,2012-12-03 19:55,一个《地下城与勇士》的鬼剑士玩家，因为意外而带着鬼剑士的技能来到异世界。鬼剑士，拥有被鬼神诅咒的手臂，名为‘鬼手’。剑术系：猛龙断空斩、幻影剑舞、极&#8226;鬼剑术（暴风式）。
唐骑,阿菩,历史,2014-12-30 11:34,大风狂飙，席卷万里，马蹄踏处，即为大唐！————————————————————————————
仙王,寂寞读南华,仙侠,2015-07-15 00:04,朱鱼南柯一梦醒来，世界乱了套。学校机械工程学院赫然成为“傀儡堂”。药理学院赫然成为“炼药堂”。农业技术学院赫然成为“灵食堂”。土木工程学院赫然成为“炼体堂”。工商管理学院门口挂一块
武侠之父,梵说,都市,2018-04-19 15:54,北漂文艺混子邓铮重生了，却发现身处地球相似的平行世界，脑子里带着个搜索引擎不说，本身还是首都体育大学武术学院传统武术套路专业的一名学生。这里版权保护到位、文化娱乐产业发达，但因为历
无双轮回,兴霸天,科幻,2017-05-04 15:56,勘破黑客帝国的真实虚幻，逆转X—战警的过去未来；终结风云天下的雄图霸业，引领蜀山剑侠的乘奔御风；挽回神雕天龙的悲欢情仇，执掌古剑奇谭的太古凶剑；开创魔兽争霸的震撼史诗，御使星球大战
全能武侠系统,太乙大真人,都市,2016-09-25 16:30,小医生蒋飞，正因为诊所生意太差而考虑关门大吉时，却意外被游戏人物附身，从此变得无所不能。不仅医术出神入化，生死人肉白骨，从阎王爷手中抢命；就连厨艺、琴艺、园艺、宠物驯养都全部精通！
黑魔法师,贱宗首席弟子,玄幻,2011-11-10 23:28,曾几何时，神奇的魔法一向是我的梦想，但是……书友交流群：102668381
地师,徐公子胜治,都市,2011-04-01 00:08,游方是个北漂，中关村卖过碟、潘家园练过摊。他出身江湖八大门，年纪轻轻就熟知各种江湖门槛，尤其精通地理风水，却从不信神异之说。他平生第一次良心受震动为一位长者报仇，冒充风水师混入盗墓
重生美国当大师,慕容鹉,历史,2018-04-10 13:00,我的大师啊，你穿越的那天，1920年9月16日。资本主义世界的心脏为你鸣响了礼炮——BOOM！我的大师啊，不管你是普度众生做一碗鸡汤，还是血战到底当一门嘴炮。你要记住，大师，我们一
三国之超级召唤系统,姜梵,历史,2018-03-29 00:27,现代历史系大学生穿越到汉末，成为刘辩。刘边表示压力山大，此时董魔王已经入洛阳，皇位即将被废，要不了多久就要被一杯毒酒鸩杀。不怕，我有超级召唤系统。第一任务，除董卓，保住皇位。你有天
全能运动员,过关斩将,体育,2017-05-10 14:34,田径、篮球、足球、网球……所有体育项目我全都精通。奥运会，那是我刷纪录的战场。我是世界上得到金牌最多的人，我是世界上获得冠军最多的人！我是一个全能运动员。我就是奇迹！网文全新创意，
烈空,庭雨,科幻,2011-10-31 16:46,“星际时代，并不是唯有机甲称豪！征战的武器，还有战机！！”
网游之倒行逆施,张扬的五月,游戏,2018-04-28 12:24,因为不能购买游戏头盔，穷凶极恶的李怀林一发狠，自制了一个游戏仓进入了新网游《荣耀之心》，但是没有想到居然把自己的游戏人物卡成了BUG。别人打怪加经验，他打怪扣经验；别人做任务加经验
大唐一品,堕落的狼崽,历史,2012-05-05 17:23,云雷方屯，龙战伊始，有天命焉，有豪杰焉。远看千年路，古人寂寞长。金戈铁马写辉煌。往事流光不在，令人费思量。和戎难崛起，铁血铸盛唐，慷慨少年写文章。帝国如诗，帝国如朝阳，帝国气吞寰宇
君临三千世界,易子七,科幻,2018-04-19 22:22,国术世界里，他成就金刚不坏，会战天下英豪，无敌世间三十载……魔改大唐里，他成为大隋国师，翻手为云覆手为雨，搅动天下风云……崩坏风云里，他一人独行，见识万千高手，历尽人世沧桑…………
逍遥小镇长,全金属弹壳,都市,2017-02-01 14:40,要工作，要娱乐，但更要逍遥安逸的生活。高山飞雪，碧水扬帆，放马草原还能探秘深林，我的地盘风光秀美。教堂，学校，警察局；医院，社区，俱乐部，还有一个小政府要运行，作为本地最高领导人我
寂静杀戮,熊狼狗,科幻,2016-05-03 20:44,我，被困在了地球上，被困在了这个平凡，普通，没有任何奇迹的星球上。这是弱者的幸福，却是强者的悲哀。但现在，我终于踏入了新的世界，我不知道这里还是不是地球，但是至少在这里，武力和知识
一睡万年,翔炎,科幻,2015-07-31 23:16,自然人是新世纪的宠儿。陈贤颂是自然人，因为轻微发烧，被一群新人类们劳师动众地塞入了最尖端的身体修复槽中，一觉醒来，他发现事情好像有点不对劲。
重生2003,木子心,都市,2015-08-08 00:36,一个写网络小说的家伙，回到2003年，一切重新开始。且看这个小人物能翻起怎样的浪花！
好莱坞制作,白色十三号,都市,2016-05-04 20:32,新书《最佳影星》已经上传，请大家多多支持！普通大众挚爱有加，影评人深恶痛绝——杜克便是这样的导演。他执导的卖座影片，拥有炫目的快速剪辑，永无止境的爆破和打斗，以及百分之二百的视听享
警神,静夜寄思,都市,2014-03-19 16:53,他曾经是四九城内最大的纨绔，却因为“调戏”寡居的嫂子而被人重殴，身体和心理受到严重创伤，几乎变成废人，更是因此被逐出家族。游手好闲、不学无术、胆小怕事、一无是处，他的身上被贴上了无
末世盗贼行,雨水,科幻,2014-02-02 09:22,毒尸满城的城市。异兽肆意的丛林。变异植物舞起的藤蔓，挥舞出一片片的死亡阴影。降临在这新世界，带着盗贼的角色力量，撕毁新世界的黑暗迷雾，追逐着至高的荣耀力量。城市中进化出来的钢铁巨尸
江山战图,高月,历史,2017-03-01 17:00,隋末烽烟起，英雄出边荒。河北窦天王，雪夜战金刚；瓦岗枭雄密，火并杀翟让。奸雄宇文氏，弑主谋萧娘；长安李二郎，两战洛阳王。巴陵萧梁帝，跨江取荆襄；东南杜伏威，自号江淮狼。大浪卷苍天，
末世超级商人,雨水,科幻,2017-11-04 22:32,我只是一名普通的商人，我的职责，就是将两个时空的商品相互贩卖。末世的食粮，如同金子一般珍贵，这个当然不能放手。现代里稀缺的金属？末世里随便你去捡去拉，拉到你抽筋为止。什么？一架客机
